ACCESS-ESM1-5,BCC-CSM2-MR,CanESM5,GFDL-ESM4,IPSL-CM6A-LR,MIROC6,MRI-ESM2-0,NorESM2-LM
-0.266122383657955,-0.266122383657955,-0.266122383657955,-0.266122383657955,-0.266122383657955,-0.266122383657955,-0.266122383657955,-0.266122383657955
-0.200004375626088,-0.200004375626088,-0.200004375626088,-0.200004375626088,-0.200004375626088,-0.200004375626088,-0.200004375626088,-0.200004375626088
-0.134093478878291,-0.134093478878291,-0.134093478878291,-0.134093478878291,-0.134093478878291,-0.134093478878291,-0.134093478878291,-0.134093478878291
-0.0608561899437869,-0.0608561899437869,-0.0608561899437869,-0.0608561899437869,-0.0608561899437869,-0.0608561899437869,-0.0608561899437869,-0.0608561899437869
-0.00864598118054858,-0.00864598118054858,-0.00864598118054858,-0.00864598118054858,-0.00864598118054858,-0.00864598118054858,-0.00864598118054858,-0.00864598118054858
0.020620629273288,0.020620629273288,0.020620629273288,0.020620629273288,0.020620629273288,0.020620629273288,0.020620629273288,0.020620629273288
0.0266761034835489,0.0266761034835489,0.0266761034835489,0.0266761034835489,0.0266761034835489,0.0266761034835489,0.0266761034835489,0.0266761034835489
0.00287052988021633,0.00287052988021633,0.00287052988021633,0.00287052988021633,0.00287052988021633,0.00287052988021633,0.00287052988021633,0.00287052988021633
-0.00474315834653868,-0.00474315834653868,-0.00474315834653868,-0.00474315834653868,-0.00474315834653868,-0.00474315834653868,-0.00474315834653868,-0.00474315834653868
0.0169480646609756,0.0169480646609756,0.0169480646609756,0.0169480646609756,0.0169480646609756,0.0169480646609756,0.0169480646609756,0.0169480646609756
0.0653652141517206,0.0653652141517206,0.0653652141517206,0.0653652141517206,0.0653652141517206,0.0653652141517206,0.0653652141517206,0.0653652141517206
0.10282732697123,0.10282732697123,0.10282732697123,0.10282732697123,0.10282732697123,0.10282732697123,0.10282732697123,0.10282732697123
0.121346052307193,0.121346052307193,0.121346052307193,0.121346052307193,0.121346052307193,0.121346052307193,0.121346052307193,0.121346052307193
0.132099158356893,0.132099158356893,0.132099158356893,0.132099158356893,0.132099158356893,0.132099158356893,0.132099158356893,0.132099158356893
0.105836565467481,0.105836565467481,0.105836565467481,0.105836565467481,0.105836565467481,0.105836565467481,0.105836565467481,0.105836565467481
0.0607444741835659,0.0607444741835659,0.0607444741835659,0.0607444741835659,0.0607444741835659,0.0607444741835659,0.0607444741835659,0.0607444741835659
0.0355317198478855,0.0355317198478855,0.0355317198478855,0.0355317198478855,0.0355317198478855,0.0355317198478855,0.0355317198478855,0.0355317198478855
0.0312716510191085,0.0312716510191085,0.0312716510191085,0.0312716510191085,0.0312716510191085,0.0312716510191085,0.0312716510191085,0.0312716510191085
0.034532229353097,0.034532229353097,0.034532229353097,0.034532229353097,0.034532229353097,0.034532229353097,0.034532229353097,0.034532229353097
0.0423645569937696,0.0423645569937696,0.0423645569937696,0.0423645569937696,0.0423645569937696,0.0423645569937696,0.0423645569937696,0.0423645569937696
0.0408599456692361,0.0408599456692361,0.0408599456692361,0.0408599456692361,0.0408599456692361,0.0408599456692361,0.0408599456692361,0.0408599456692361
0.0505943337667675,0.0505943337667675,0.0505943337667675,0.0505943337667675,0.0505943337667675,0.0505943337667675,0.0505943337667675,0.0505943337667675
0.064057158211685,0.064057158211685,0.064057158211685,0.064057158211685,0.064057158211685,0.064057158211685,0.064057158211685,0.064057158211685
0.0594507021582716,0.0594507021582716,0.0594507021582716,0.0594507021582716,0.0594507021582716,0.0594507021582716,0.0594507021582716,0.0594507021582716
0.0287391434059008,0.0287391434059008,0.0287391434059008,0.0287391434059008,0.0287391434059008,0.0287391434059008,0.0287391434059008,0.0287391434059008
0.000288172638260205,0.000288172638260205,0.000288172638260205,0.000288172638260205,0.000288172638260205,0.000288172638260205,0.000288172638260205,0.000288172638260205
0.0222261765821688,0.0222261765821688,0.0222261765821688,0.0222261765821688,0.0222261765821688,0.0222261765821688,0.0222261765821688,0.0222261765821688
0.0524089928855179,0.0524089928855179,0.0524089928855179,0.0524089928855179,0.0524089928855179,0.0524089928855179,0.0524089928855179,0.0524089928855179
0.0625151725265914,0.0625151725265914,0.0625151725265914,0.0625151725265914,0.0625151725265914,0.0625151725265914,0.0625151725265914,0.0625151725265914
0.0562941689468577,0.0562941689468577,0.0562941689468577,0.0562941689468577,0.0562941689468577,0.0562941689468577,0.0562941689468577,0.0562941689468577
0.0299735828131536,0.0299735828131536,0.0299735828131536,0.0299735828131536,0.0299735828131536,0.0299735828131536,0.0299735828131536,0.0299735828131536
0.0199382896679742,0.0199382896679742,0.0199382896679742,0.0199382896679742,0.0199382896679742,0.0199382896679742,0.0199382896679742,0.0199382896679742
0.0458110631612574,0.0458110631612574,0.0458110631612574,0.0458110631612574,0.0458110631612574,0.0458110631612574,0.0458110631612574,0.0458110631612574
0.0745611855865987,0.0745611855865987,0.0745611855865987,0.0745611855865987,0.0745611855865987,0.0745611855865987,0.0745611855865987,0.0745611855865987
0.0543739260852378,0.0543739260852378,0.0543739260852378,0.0543739260852378,0.0543739260852378,0.0543739260852378,0.0543739260852378,0.0543739260852378
0.019666457298508,0.019666457298508,0.019666457298508,0.019666457298508,0.019666457298508,0.019666457298508,0.019666457298508,0.019666457298508
0.0094452732709071,0.0094452732709071,0.0094452732709071,0.0094452732709071,0.0094452732709071,0.0094452732709071,0.0094452732709071,0.0094452732709071
0.000819118749679281,0.000819118749679281,0.000819118749679281,0.000819118749679281,0.000819118749679281,0.000819118749679281,0.000819118749679281,0.000819118749679281
-0.00903634037712636,-0.00903634037712636,-0.00903634037712636,-0.00903634037712636,-0.00903634037712636,-0.00903634037712636,-0.00903634037712636,-0.00903634037712636
-0.0275633934615936,-0.0275633934615936,-0.0275633934615936,-0.0275633934615936,-0.0275633934615936,-0.0275633934615936,-0.0275633934615936,-0.0275633934615936
-0.0552190150744132,-0.0552190150744132,-0.0552190150744132,-0.0552190150744132,-0.0552190150744132,-0.0552190150744132,-0.0552190150744132,-0.0552190150744132
-0.0513670233937032,-0.0513670233937032,-0.0513670233937032,-0.0513670233937032,-0.0513670233937032,-0.0513670233937032,-0.0513670233937032,-0.0513670233937032
-0.012041246663533,-0.012041246663533,-0.012041246663533,-0.012041246663533,-0.012041246663533,-0.012041246663533,-0.012041246663533,-0.012041246663533
0.00773928469229046,0.00773928469229046,0.00773928469229046,0.00773928469229046,0.00773928469229046,0.00773928469229046,0.00773928469229046,0.00773928469229046
-0.00473749309651678,-0.00473749309651678,-0.00473749309651678,-0.00473749309651678,-0.00473749309651678,-0.00473749309651678,-0.00473749309651678,-0.00473749309651678
-0.0283632579889273,-0.0283632579889273,-0.0283632579889273,-0.0283632579889273,-0.0283632579889273,-0.0283632579889273,-0.0283632579889273,-0.0283632579889273
0.00952507547386389,0.00952507547386389,0.00952507547386389,0.00952507547386389,0.00952507547386389,0.00952507547386389,0.00952507547386389,0.00952507547386389
0.0758529730991371,0.0758529730991371,0.0758529730991371,0.0758529730991371,0.0758529730991371,0.0758529730991371,0.0758529730991371,0.0758529730991371
0.117894247719934,0.117894247719934,0.117894247719934,0.117894247719934,0.117894247719934,0.117894247719934,0.117894247719934,0.117894247719934
0.14441206143055,0.14441206143055,0.14441206143055,0.14441206143055,0.14441206143055,0.14441206143055,0.14441206143055,0.14441206143055
0.162024914084964,0.162024914084964,0.162024914084964,0.162024914084964,0.162024914084964,0.162024914084964,0.162024914084964,0.162024914084964
0.175562686562952,0.175562686562952,0.175562686562952,0.175562686562952,0.175562686562952,0.175562686562952,0.175562686562952,0.175562686562952
0.16642261172406,0.16642261172406,0.16642261172406,0.16642261172406,0.16642261172406,0.16642261172406,0.16642261172406,0.16642261172406
0.156968628694837,0.156968628694837,0.156968628694837,0.156968628694837,0.156968628694837,0.156968628694837,0.156968628694837,0.156968628694837
0.148535013727957,0.148535013727957,0.148535013727957,0.148535013727957,0.148535013727957,0.148535013727957,0.148535013727957,0.148535013727957
0.134522358860746,0.134522358860746,0.134522358860746,0.134522358860746,0.134522358860746,0.134522358860746,0.134522358860746,0.134522358860746
0.112484254976541,0.112484254976541,0.112484254976541,0.112484254976541,0.112484254976541,0.112484254976541,0.112484254976541,0.112484254976541
0.0740935474564575,0.0740935474564575,0.0740935474564575,0.0740935474564575,0.0740935474564575,0.0740935474564575,0.0740935474564575,0.0740935474564575
0.0178386375404853,0.0178386375404853,0.0178386375404853,0.0178386375404853,0.0178386375404853,0.0178386375404853,0.0178386375404853,0.0178386375404853
-0.0153957071409266,-0.0153957071409266,-0.0153957071409266,-0.0153957071409266,-0.0153957071409266,-0.0153957071409266,-0.0153957071409266,-0.0153957071409266
-0.0121891833714994,-0.0121891833714994,-0.0121891833714994,-0.0121891833714994,-0.0121891833714994,-0.0121891833714994,-0.0121891833714994,-0.0121891833714994
-0.0230867184844988,-0.0230867184844988,-0.0230867184844988,-0.0230867184844988,-0.0230867184844988,-0.0230867184844988,-0.0230867184844988,-0.0230867184844988
-0.0784786127837586,-0.0784786127837586,-0.0784786127837586,-0.0784786127837586,-0.0784786127837586,-0.0784786127837586,-0.0784786127837586,-0.0784786127837586
-0.121233041170012,-0.121233041170012,-0.121233041170012,-0.121233041170012,-0.121233041170012,-0.121233041170012,-0.121233041170012,-0.121233041170012
-0.104066497130048,-0.104066497130048,-0.104066497130048,-0.104066497130048,-0.104066497130048,-0.104066497130048,-0.104066497130048,-0.104066497130048
-0.111305564360903,-0.111305564360903,-0.111305564360903,-0.111305564360903,-0.111305564360903,-0.111305564360903,-0.111305564360903,-0.111305564360903
-0.133512330607244,-0.133512330607244,-0.133512330607244,-0.133512330607244,-0.133512330607244,-0.133512330607244,-0.133512330607244,-0.133512330607244
-0.120642343502127,-0.120642343502127,-0.120642343502127,-0.120642343502127,-0.120642343502127,-0.120642343502127,-0.120642343502127,-0.120642343502127
-0.0966720152272788,-0.0966720152272788,-0.0966720152272788,-0.0966720152272788,-0.0966720152272788,-0.0966720152272788,-0.0966720152272788,-0.0966720152272788
-0.0512196995645521,-0.0512196995645521,-0.0512196995645521,-0.0512196995645521,-0.0512196995645521,-0.0512196995645521,-0.0512196995645521,-0.0512196995645521
-0.0111671324326846,-0.0111671324326846,-0.0111671324326846,-0.0111671324326846,-0.0111671324326846,-0.0111671324326846,-0.0111671324326846,-0.0111671324326846
0.00647682565656561,0.00647682565656561,0.00647682565656561,0.00647682565656561,0.00647682565656561,0.00647682565656561,0.00647682565656561,0.00647682565656561
-0.00604646778571101,-0.00604646778571101,-0.00604646778571101,-0.00604646778571101,-0.00604646778571101,-0.00604646778571101,-0.00604646778571101,-0.00604646778571101
-0.0203765607567492,-0.0203765607567492,-0.0203765607567492,-0.0203765607567492,-0.0203765607567492,-0.0203765607567492,-0.0203765607567492,-0.0203765607567492
0.00803719720453599,0.00803719720453599,0.00803719720453599,0.00803719720453599,0.00803719720453599,0.00803719720453599,0.00803719720453599,0.00803719720453599
0.035590710820588,0.035590710820588,0.035590710820588,0.035590710820588,0.035590710820588,0.035590710820588,0.035590710820588,0.035590710820588
0.0374508238611686,0.0374508238611686,0.0374508238611686,0.0374508238611686,0.0374508238611686,0.0374508238611686,0.0374508238611686,0.0374508238611686
0.0353293249195938,0.0353293249195938,0.0353293249195938,0.0353293249195938,0.0353293249195938,0.0353293249195938,0.0353293249195938,0.0353293249195938
0.0449580122533426,0.0449580122533426,0.0449580122533426,0.0449580122533426,0.0449580122533426,0.0449580122533426,0.0449580122533426,0.0449580122533426
0.0474141927528377,0.0474141927528377,0.0474141927528377,0.0474141927528377,0.0474141927528377,0.0474141927528377,0.0474141927528377,0.0474141927528377
0.0338036587655989,0.0338036587655989,0.0338036587655989,0.0338036587655989,0.0338036587655989,0.0338036587655989,0.0338036587655989,0.0338036587655989
0.0227432278321565,0.0227432278321565,0.0227432278321565,0.0227432278321565,0.0227432278321565,0.0227432278321565,0.0227432278321565,0.0227432278321565
0.00525836295618443,0.00525836295618443,0.00525836295618443,0.00525836295618443,0.00525836295618443,0.00525836295618443,0.00525836295618443,0.00525836295618443
-0.0112751435605699,-0.0112751435605699,-0.0112751435605699,-0.0112751435605699,-0.0112751435605699,-0.0112751435605699,-0.0112751435605699,-0.0112751435605699
-0.0257716429695716,-0.0257716429695716,-0.0257716429695716,-0.0257716429695716,-0.0257716429695716,-0.0257716429695716,-0.0257716429695716,-0.0257716429695716
-0.056371444431282,-0.056371444431282,-0.056371444431282,-0.056371444431282,-0.056371444431282,-0.056371444431282,-0.056371444431282,-0.056371444431282
-0.073601694293683,-0.073601694293683,-0.073601694293683,-0.073601694293683,-0.073601694293683,-0.073601694293683,-0.073601694293683,-0.073601694293683
-0.0896698909439356,-0.0896698909439356,-0.0896698909439356,-0.0896698909439356,-0.0896698909439356,-0.0896698909439356,-0.0896698909439356,-0.0896698909439356
-0.108116295680944,-0.108116295680944,-0.108116295680944,-0.108116295680944,-0.108116295680944,-0.108116295680944,-0.108116295680944,-0.108116295680944
-0.0858565535118265,-0.0858565535118265,-0.0858565535118265,-0.0858565535118265,-0.0858565535118265,-0.0858565535118265,-0.0858565535118265,-0.0858565535118265
-0.0603742648704085,-0.0603742648704085,-0.0603742648704085,-0.0603742648704085,-0.0603742648704085,-0.0603742648704085,-0.0603742648704085,-0.0603742648704085
-0.0350134625442935,-0.0350134625442935,-0.0350134625442935,-0.0350134625442935,-0.0350134625442935,-0.0350134625442935,-0.0350134625442935,-0.0350134625442935
-0.0198930594976772,-0.0198930594976772,-0.0198930594976772,-0.0198930594976772,-0.0198930594976772,-0.0198930594976772,-0.0198930594976772,-0.0198930594976772
-0.0213202667056361,-0.0213202667056361,-0.0213202667056361,-0.0213202667056361,-0.0213202667056361,-0.0213202667056361,-0.0213202667056361,-0.0213202667056361
-0.009595566386459,-0.009595566386459,-0.009595566386459,-0.009595566386459,-0.009595566386459,-0.009595566386459,-0.009595566386459,-0.009595566386459
-0.00134960943586498,-0.00134960943586498,-0.00134960943586498,-0.00134960943586498,-0.00134960943586498,-0.00134960943586498,-0.00134960943586498,-0.00134960943586498
0.0152115090833723,0.0152115090833723,0.0152115090833723,0.0152115090833723,0.0152115090833723,0.0152115090833723,0.0152115090833723,0.0152115090833723
0.0382415096196104,0.0382415096196104,0.0382415096196104,0.0382415096196104,0.0382415096196104,0.0382415096196104,0.0382415096196104,0.0382415096196104
0.0266010993094583,0.0266010993094583,0.0266010993094583,0.0266010993094583,0.0266010993094583,0.0266010993094583,0.0266010993094583,0.0266010993094583
0.00231744541569066,0.00231744541569066,0.00231744541569066,0.00231744541569066,0.00231744541569066,0.00231744541569066,0.00231744541569066,0.00231744541569066
0.00569657144069301,0.00569657144069301,0.00569657144069301,0.00569657144069301,0.00569657144069301,0.00569657144069301,0.00569657144069301,0.00569657144069301
0.0199816588795611,0.0199816588795611,0.0199816588795611,0.0199816588795611,0.0199816588795611,0.0199816588795611,0.0199816588795611,0.0199816588795611
0.00406526468300786,0.00406526468300786,0.00406526468300786,0.00406526468300786,0.00406526468300786,0.00406526468300786,0.00406526468300786,0.00406526468300786
-0.0280106682865343,-0.0280106682865343,-0.0280106682865343,-0.0280106682865343,-0.0280106682865343,-0.0280106682865343,-0.0280106682865343,-0.0280106682865343
-0.0376546390018799,-0.0376546390018799,-0.0376546390018799,-0.0376546390018799,-0.0376546390018799,-0.0376546390018799,-0.0376546390018799,-0.0376546390018799
-0.0663007892475345,-0.0663007892475345,-0.0663007892475345,-0.0663007892475345,-0.0663007892475345,-0.0663007892475345,-0.0663007892475345,-0.0663007892475345
-0.0962678514263108,-0.0962678514263108,-0.0962678514263108,-0.0962678514263108,-0.0962678514263108,-0.0962678514263108,-0.0962678514263108,-0.0962678514263108
-0.120190178219826,-0.120190178219826,-0.120190178219826,-0.120190178219826,-0.120190178219826,-0.120190178219826,-0.120190178219826,-0.120190178219826
-0.146001675956141,-0.146001675956141,-0.146001675956141,-0.146001675956141,-0.146001675956141,-0.146001675956141,-0.146001675956141,-0.146001675956141
-0.13029626549828,-0.13029626549828,-0.13029626549828,-0.13029626549828,-0.13029626549828,-0.13029626549828,-0.13029626549828,-0.13029626549828
-0.095229748280067,-0.095229748280067,-0.095229748280067,-0.095229748280067,-0.095229748280067,-0.095229748280067,-0.095229748280067,-0.095229748280067
-0.0500764122328953,-0.0500764122328953,-0.0500764122328953,-0.0500764122328953,-0.0500764122328953,-0.0500764122328953,-0.0500764122328953,-0.0500764122328953
-0.0295450312924589,-0.0295450312924589,-0.0295450312924589,-0.0295450312924589,-0.0295450312924589,-0.0295450312924589,-0.0295450312924589,-0.0295450312924589
-0.0603810181385063,-0.0603810181385063,-0.0603810181385063,-0.0603810181385063,-0.0603810181385063,-0.0603810181385063,-0.0603810181385063,-0.0603810181385063
-0.0682297639756751,-0.0682297639756751,-0.0682297639756751,-0.0682297639756751,-0.0682297639756751,-0.0682297639756751,-0.0682297639756751,-0.0682297639756751
-0.0740305280177298,-0.0740305280177298,-0.0740305280177298,-0.0740305280177298,-0.0740305280177298,-0.0740305280177298,-0.0740305280177298,-0.0740305280177298
-0.119282377277577,-0.119282377277577,-0.119282377277577,-0.119282377277577,-0.119282377277577,-0.119282377277577,-0.119282377277577,-0.119282377277577
-0.125491985401425,-0.125491985401425,-0.125491985401425,-0.125491985401425,-0.125491985401425,-0.125491985401425,-0.125491985401425,-0.125491985401425
-0.105766543181369,-0.105766543181369,-0.105766543181369,-0.105766543181369,-0.105766543181369,-0.105766543181369,-0.105766543181369,-0.105766543181369
-0.0752098034235733,-0.0752098034235733,-0.0752098034235733,-0.0752098034235733,-0.0752098034235733,-0.0752098034235733,-0.0752098034235733,-0.0752098034235733
-0.0220967893534583,-0.0220967893534583,-0.0220967893534583,-0.0220967893534583,-0.0220967893534583,-0.0220967893534583,-0.0220967893534583,-0.0220967893534583
0.0236633500992945,0.0236633500992945,0.0236633500992945,0.0236633500992945,0.0236633500992945,0.0236633500992945,0.0236633500992945,0.0236633500992945
0.0494493043250092,0.0494493043250092,0.0494493043250092,0.0494493043250092,0.0494493043250092,0.0494493043250092,0.0494493043250092,0.0494493043250092
0.0699478989154127,0.0699478989154127,0.0699478989154127,0.0699478989154127,0.0699478989154127,0.0699478989154127,0.0699478989154127,0.0699478989154127
0.121871861664378,0.121871861664378,0.121871861664378,0.121871861664378,0.121871861664378,0.121871861664378,0.121871861664378,0.121871861664378
0.157129890491236,0.157129890491236,0.157129890491236,0.157129890491236,0.157129890491236,0.157129890491236,0.157129890491236,0.157129890491236
0.130575555367957,0.130575555367957,0.130575555367957,0.130575555367957,0.130575555367957,0.130575555367957,0.130575555367957,0.130575555367957
0.0751148885954878,0.0751148885954878,0.0751148885954878,0.0751148885954878,0.0751148885954878,0.0751148885954878,0.0751148885954878,0.0751148885954878
0.0736757566882029,0.0736757566882029,0.0736757566882029,0.0736757566882029,0.0736757566882029,0.0736757566882029,0.0736757566882029,0.0736757566882029
0.108889949122785,0.108889949122785,0.108889949122785,0.108889949122785,0.108889949122785,0.108889949122785,0.108889949122785,0.108889949122785
0.101450156239802,0.101450156239802,0.101450156239802,0.101450156239802,0.101450156239802,0.101450156239802,0.101450156239802,0.101450156239802
0.0663497431231712,0.0663497431231712,0.0663497431231712,0.0663497431231712,0.0663497431231712,0.0663497431231712,0.0663497431231712,0.0663497431231712
0.0478051168976949,0.0478051168976949,0.0478051168976949,0.0478051168976949,0.0478051168976949,0.0478051168976949,0.0478051168976949,0.0478051168976949
0.0236562068758587,0.0236562068758587,0.0236562068758587,0.0236562068758587,0.0236562068758587,0.0236562068758587,0.0236562068758587,0.0236562068758587
0.00924888983521554,0.00924888983521554,0.00924888983521554,0.00924888983521554,0.00924888983521554,0.00924888983521554,0.00924888983521554,0.00924888983521554
0.00132592607410721,0.00132592607410721,0.00132592607410721,0.00132592607410721,0.00132592607410721,0.00132592607410721,0.00132592607410721,0.00132592607410721
-0.046769672870395,-0.046769672870395,-0.046769672870395,-0.046769672870395,-0.046769672870395,-0.046769672870395,-0.046769672870395,-0.046769672870395
-0.0823413580827433,-0.0823413580827433,-0.0823413580827433,-0.0823413580827433,-0.0823413580827433,-0.0823413580827433,-0.0823413580827433,-0.0823413580827433
-0.0931548402197537,-0.0931548402197537,-0.0931548402197537,-0.0931548402197537,-0.0931548402197537,-0.0931548402197537,-0.0931548402197537,-0.0931548402197537
-0.0725903846651626,-0.0725903846651626,-0.0725903846651626,-0.0725903846651626,-0.0725903846651626,-0.0725903846651626,-0.0725903846651626,-0.0725903846651626
-0.0464687771369271,-0.0464687771369271,-0.0464687771369271,-0.0464687771369271,-0.0464687771369271,-0.0464687771369271,-0.0464687771369271,-0.0464687771369271
-0.0576311739563329,-0.0576311739563329,-0.0576311739563329,-0.0576311739563329,-0.0576311739563329,-0.0576311739563329,-0.0576311739563329,-0.0576311739563329
-0.0477001559364446,-0.0477001559364446,-0.0477001559364446,-0.0477001559364446,-0.0477001559364446,-0.0477001559364446,-0.0477001559364446,-0.0477001559364446
-0.00380945554521338,-0.00380945554521338,-0.00380945554521338,-0.00380945554521338,-0.00380945554521338,-0.00380945554521338,-0.00380945554521338,-0.00380945554521338
0.0203613217977397,0.0203613217977397,0.0203613217977397,0.0203613217977397,0.0203613217977397,0.0203613217977397,0.0203613217977397,0.0203613217977397
0.0209479056876741,0.0209479056876741,0.0209479056876741,0.0209479056876741,0.0209479056876741,0.0209479056876741,0.0209479056876741,0.0209479056876741
0.00569392097664426,0.00569392097664426,0.00569392097664426,0.00569392097664426,0.00569392097664426,0.00569392097664426,0.00569392097664426,0.00569392097664426
-0.00491278505086765,-0.00491278505086765,-0.00491278505086765,-0.00491278505086765,-0.00491278505086765,-0.00491278505086765,-0.00491278505086765,-0.00491278505086765
-0.00256417733060349,-0.00256417733060349,-0.00256417733060349,-0.00256417733060349,-0.00256417733060349,-0.00256417733060349,-0.00256417733060349,-0.00256417733060349
5.08263704832729e-06,5.08263704832729e-06,5.08263704832729e-06,5.08263704832729e-06,5.08263704832729e-06,5.08263704832729e-06,5.08263704832729e-06,5.08263704832729e-06
0.037988029526514,0.037988029526514,0.037988029526514,0.037988029526514,0.037988029526514,0.037988029526514,0.037988029526514,0.037988029526514
0.0863862756267956,0.0863862756267956,0.0863862756267956,0.0863862756267956,0.0863862756267956,0.0863862756267956,0.0863862756267956,0.0863862756267956
0.101845842000085,0.101845842000085,0.101845842000085,0.101845842000085,0.101845842000085,0.101845842000085,0.101845842000085,0.101845842000085
0.106018627537131,0.106018627537131,0.106018627537131,0.106018627537131,0.106018627537131,0.106018627537131,0.106018627537131,0.106018627537131
0.0916931422221232,0.0916931422221232,0.0916931422221232,0.0916931422221232,0.0916931422221232,0.0916931422221232,0.0916931422221232,0.0916931422221232
0.0545910372124566,0.0545910372124566,0.0545910372124566,0.0545910372124566,0.0545910372124566,0.0545910372124566,0.0545910372124566,0.0545910372124566
0.00993657836536206,0.00993657836536206,0.00993657836536206,0.00993657836536206,0.00993657836536206,0.00993657836536206,0.00993657836536206,0.00993657836536206
-0.0431736359883794,-0.0431736359883794,-0.0431736359883794,-0.0431736359883794,-0.0431736359883794,-0.0431736359883794,-0.0431736359883794,-0.0431736359883794
-0.0708482938672921,-0.0708482938672921,-0.0708482938672921,-0.0708482938672921,-0.0708482938672921,-0.0708482938672921,-0.0708482938672921,-0.0708482938672921
-0.103312090044332,-0.103312090044332,-0.103312090044332,-0.103312090044332,-0.103312090044332,-0.103312090044332,-0.103312090044332,-0.103312090044332
-0.13795921833029,-0.13795921833029,-0.13795921833029,-0.13795921833029,-0.13795921833029,-0.13795921833029,-0.13795921833029,-0.13795921833029
-0.122513048343856,-0.122513048343856,-0.122513048343856,-0.122513048343856,-0.122513048343856,-0.122513048343856,-0.122513048343856,-0.122513048343856
-0.0808848362135964,-0.0808848362135964,-0.0808848362135964,-0.0808848362135964,-0.0808848362135964,-0.0808848362135964,-0.0808848362135964,-0.0808848362135964
-0.0462999741442653,-0.0462999741442653,-0.0462999741442653,-0.0462999741442653,-0.0462999741442653,-0.0462999741442653,-0.0462999741442653,-0.0462999741442653
-0.0176870825209164,-0.0176870825209164,-0.0176870825209164,-0.0176870825209164,-0.0176870825209164,-0.0176870825209164,-0.0176870825209164,-0.0176870825209164
0.0333431242256227,0.0333431242256227,0.0333431242256227,0.0333431242256227,0.0333431242256227,0.0333431242256227,0.0333431242256227,0.0333431242256227
0.0935632748860778,0.0935632748860778,0.0935632748860778,0.0935632748860778,0.0935632748860778,0.0935632748860778,0.0935632748860778,0.0935632748860778
0.118326013733062,0.118326013733062,0.118326013733062,0.118326013733062,0.118326013733062,0.118326013733062,0.118326013733062,0.118326013733062
0.110695386833074,0.110695386833074,0.110695386833074,0.110695386833074,0.110695386833074,0.110695386833074,0.110695386833074,0.110695386833074
0.123997131729174,0.123997131729174,0.123997131729174,0.123997131729174,0.123997131729174,0.123997131729174,0.123997131729174,0.123997131729174
0.143606237385291,0.143606237385291,0.143606237385291,0.143606237385291,0.143606237385291,0.143606237385291,0.143606237385291,0.143606237385291
0.172085775157759,0.172085775157759,0.172085775157759,0.172085775157759,0.172085775157759,0.172085775157759,0.172085775157759,0.172085775157759
0.17451476271827,0.17451476271827,0.17451476271827,0.17451476271827,0.17451476271827,0.17451476271827,0.17451476271827,0.17451476271827
0.134166171631642,0.134166171631642,0.134166171631642,0.134166171631642,0.134166171631642,0.134166171631642,0.134166171631642,0.134166171631642
0.0811264727707652,0.0811264727707652,0.0811264727707652,0.0811264727707652,0.0811264727707652,0.0811264727707652,0.0811264727707652,0.0811264727707652
0.0536465279943498,0.0536465279943498,0.0536465279943498,0.0536465279943498,0.0536465279943498,0.0536465279943498,0.0536465279943498,0.0536465279943498
0.0772955666253183,0.0772955666253183,0.0772955666253183,0.0772955666253183,0.0772955666253183,0.0772955666253183,0.0772955666253183,0.0772955666253183
0.0631948743165483,0.0631948743165483,0.0631948743165483,0.0631948743165483,0.0631948743165483,0.0631948743165483,0.0631948743165483,0.0631948743165483
0.0200545052916342,0.0200545052916342,0.0200545052916342,0.0200545052916342,0.0200545052916342,0.0200545052916342,0.0200545052916342,0.0200545052916342
0.012927476018259,0.012927476018259,0.012927476018259,0.012927476018259,0.012927476018259,0.012927476018259,0.012927476018259,0.012927476018259
0.0360382785745782,0.0360382785745782,0.0360382785745782,0.0360382785745782,0.0360382785745782,0.0360382785745782,0.0360382785745782,0.0360382785745782
0.0540683733066648,0.0540683733066648,0.0540683733066648,0.0540683733066648,0.0540683733066648,0.0540683733066648,0.0540683733066648,0.0540683733066648
0.0494628195836085,0.0494628195836085,0.0494628195836085,0.0494628195836085,0.0494628195836085,0.0494628195836085,0.0494628195836085,0.0494628195836085
0.0438550480034877,0.0438550480034877,0.0438550480034877,0.0438550480034877,0.0438550480034877,0.0438550480034877,0.0438550480034877,0.0438550480034877
0.0843567683363808,0.0843567683363808,0.0843567683363808,0.0843567683363808,0.0843567683363808,0.0843567683363808,0.0843567683363808,0.0843567683363808
0.14019807726921,0.14019807726921,0.14019807726921,0.14019807726921,0.14019807726921,0.14019807726921,0.14019807726921,0.14019807726921
0.196388116783578,0.196388116783578,0.196388116783578,0.196388116783578,0.196388116783578,0.196388116783578,0.196388116783578,0.196388116783578
0.196863094304334,0.196863094304334,0.196863094304334,0.196863094304334,0.196863094304334,0.196863094304334,0.196863094304334,0.196863094304334
0.121598367894673,0.121598367894673,0.121598367894673,0.121598367894673,0.121598367894673,0.121598367894673,0.121598367894673,0.121598367894673
0.0907173914657236,0.0907173914657236,0.0907173914657236,0.0907173914657236,0.0907173914657236,0.0907173914657236,0.0907173914657236,0.0907173914657236
0.114356240845197,0.114356240845197,0.114356240845197,0.114356240845197,0.114356240845197,0.114356240845197,0.114356240845197,0.114356240845197
0.13594043616667,0.13594043616667,0.13594043616667,0.13594043616667,0.13594043616667,0.13594043616667,0.13594043616667,0.13594043616667
0.147906274515138,0.147906274515138,0.147906274515138,0.147906274515138,0.147906274515138,0.147906274515138,0.147906274515138,0.147906274515138
0.162866411920128,0.162866411920128,0.162866411920128,0.162866411920128,0.162866411920128,0.162866411920128,0.162866411920128,0.162866411920128
0.177711554404556,0.177711554404556,0.177711554404556,0.177711554404556,0.177711554404556,0.177711554404556,0.177711554404556,0.177711554404556
0.200010045937837,0.200010045937837,0.200010045937837,0.200010045937837,0.200010045937837,0.200010045937837,0.200010045937837,0.200010045937837
0.197574982699183,0.197574982699183,0.197574982699183,0.197574982699183,0.197574982699183,0.197574982699183,0.197574982699183,0.197574982699183
0.189707019208239,0.189707019208239,0.189707019208239,0.189707019208239,0.189707019208239,0.189707019208239,0.189707019208239,0.189707019208239
0.170950367573383,0.170950367573383,0.170950367573383,0.170950367573383,0.170950367573383,0.170950367573383,0.170950367573383,0.170950367573383
0.177844696493099,0.177844696493099,0.177844696493099,0.177844696493099,0.177844696493099,0.177844696493099,0.177844696493099,0.177844696493099
0.210995180132968,0.210995180132968,0.210995180132968,0.210995180132968,0.210995180132968,0.210995180132968,0.210995180132968,0.210995180132968
0.203119051166605,0.203119051166605,0.203119051166605,0.203119051166605,0.203119051166605,0.203119051166605,0.203119051166605,0.203119051166605
0.160314752860637,0.160314752860637,0.160314752860637,0.160314752860637,0.160314752860637,0.160314752860637,0.160314752860637,0.160314752860637
0.0949085822866051,0.0949085822866051,0.0949085822866051,0.0949085822866051,0.0949085822866051,0.0949085822866051,0.0949085822866051,0.0949085822866051
0.048729687105626,0.048729687105626,0.048729687105626,0.048729687105626,0.048729687105626,0.048729687105626,0.048729687105626,0.048729687105626
0.0510530972204459,0.0510530972204459,0.0510530972204459,0.0510530972204459,0.0510530972204459,0.0510530972204459,0.0510530972204459,0.0510530972204459
0.0775823140540679,0.0775823140540679,0.0775823140540679,0.0775823140540679,0.0775823140540679,0.0775823140540679,0.0775823140540679,0.0775823140540679
0.0596168725105722,0.0596168725105722,0.0596168725105722,0.0596168725105722,0.0596168725105722,0.0596168725105722,0.0596168725105722,0.0596168725105722
0.0277777859178305,0.0277777859178305,0.0277777859178305,0.0277777859178305,0.0277777859178305,0.0277777859178305,0.0277777859178305,0.0277777859178305
0.00259520521263162,0.00259520521263162,0.00259520521263162,0.00259520521263162,0.00259520521263162,0.00259520521263162,0.00259520521263162,0.00259520521263162
-0.0377632049061704,-0.0377632049061704,-0.0377632049061704,-0.0377632049061704,-0.0377632049061704,-0.0377632049061704,-0.0377632049061704,-0.0377632049061704
-0.106774131530273,-0.106774131530273,-0.106774131530273,-0.106774131530273,-0.106774131530273,-0.106774131530273,-0.106774131530273,-0.106774131530273
-0.146358290723368,-0.146358290723368,-0.146358290723368,-0.146358290723368,-0.146358290723368,-0.146358290723368,-0.146358290723368,-0.146358290723368
-0.15945899364125,-0.15945899364125,-0.15945899364125,-0.15945899364125,-0.15945899364125,-0.15945899364125,-0.15945899364125,-0.15945899364125
-0.177031656359347,-0.177031656359347,-0.177031656359347,-0.177031656359347,-0.177031656359347,-0.177031656359347,-0.177031656359347,-0.177031656359347
-0.162256036989096,-0.162256036989096,-0.162256036989096,-0.162256036989096,-0.162256036989096,-0.162256036989096,-0.162256036989096,-0.162256036989096
-0.168545274962163,-0.168545274962163,-0.168545274962163,-0.168545274962163,-0.168545274962163,-0.168545274962163,-0.168545274962163,-0.168545274962163
-0.210176443954304,-0.210176443954304,-0.210176443954304,-0.210176443954304,-0.210176443954304,-0.210176443954304,-0.210176443954304,-0.210176443954304
-0.25069654091991,-0.25069654091991,-0.25069654091991,-0.25069654091991,-0.25069654091991,-0.25069654091991,-0.25069654091991,-0.25069654091991
-0.264589483200457,-0.264589483200457,-0.264589483200457,-0.264589483200457,-0.264589483200457,-0.264589483200457,-0.264589483200457,-0.264589483200457
-0.262421964339027,-0.262421964339027,-0.262421964339027,-0.262421964339027,-0.262421964339027,-0.262421964339027,-0.262421964339027,-0.262421964339027
-0.267130291493583,-0.267130291493583,-0.267130291493583,-0.267130291493583,-0.267130291493583,-0.267130291493583,-0.267130291493583,-0.267130291493583
-0.233293346144815,-0.233293346144815,-0.233293346144815,-0.233293346144815,-0.233293346144815,-0.233293346144815,-0.233293346144815,-0.233293346144815
-0.167579438606914,-0.167579438606914,-0.167579438606914,-0.167579438606914,-0.167579438606914,-0.167579438606914,-0.167579438606914,-0.167579438606914
-0.12162855744688,-0.12162855744688,-0.12162855744688,-0.12162855744688,-0.12162855744688,-0.12162855744688,-0.12162855744688,-0.12162855744688
-0.0619933357494406,-0.0619933357494406,-0.0619933357494406,-0.0619933357494406,-0.0619933357494406,-0.0619933357494406,-0.0619933357494406,-0.0619933357494406
-0.0115496333869253,-0.0115496333869253,-0.0115496333869253,-0.0115496333869253,-0.0115496333869253,-0.0115496333869253,-0.0115496333869253,-0.0115496333869253
0.000174512894496992,0.000174512894496992,0.000174512894496992,0.000174512894496992,0.000174512894496992,0.000174512894496992,0.000174512894496992,0.000174512894496992
0.01656946586422,0.01656946586422,0.01656946586422,0.01656946586422,0.01656946586422,0.01656946586422,0.01656946586422,0.01656946586422
0.040598292475492,0.040598292475492,0.040598292475492,0.040598292475492,0.040598292475492,0.040598292475492,0.040598292475492,0.040598292475492
0.0553927840944271,0.0553927840944271,0.0553927840944271,0.0553927840944271,0.0553927840944271,0.0553927840944271,0.0553927840944271,0.0553927840944271
0.0238721671481219,0.0238721671481219,0.0238721671481219,0.0238721671481219,0.0238721671481219,0.0238721671481219,0.0238721671481219,0.0238721671481219
-0.0105698114922677,-0.0105698114922677,-0.0105698114922677,-0.0105698114922677,-0.0105698114922677,-0.0105698114922677,-0.0105698114922677,-0.0105698114922677
-0.00496236694448517,-0.00496236694448517,-0.00496236694448517,-0.00496236694448517,-0.00496236694448517,-0.00496236694448517,-0.00496236694448517,-0.00496236694448517
0.00382389464645499,0.00382389464645499,0.00382389464645499,0.00382389464645499,0.00382389464645499,0.00382389464645499,0.00382389464645499,0.00382389464645499
0.00562945463550705,0.00562945463550705,0.00562945463550705,0.00562945463550705,0.00562945463550705,0.00562945463550705,0.00562945463550705,0.00562945463550705
-0.00587148554082081,-0.00587148554082081,-0.00587148554082081,-0.00587148554082081,-0.00587148554082081,-0.00587148554082081,-0.00587148554082081,-0.00587148554082081
-0.0412113483614794,-0.0412113483614794,-0.0412113483614794,-0.0412113483614794,-0.0412113483614794,-0.0412113483614794,-0.0412113483614794,-0.0412113483614794
-0.0321223978880417,-0.0321223978880417,-0.0321223978880417,-0.0321223978880417,-0.0321223978880417,-0.0321223978880417,-0.0321223978880417,-0.0321223978880417
0.00705284603138288,0.00705284603138288,0.00705284603138288,0.00705284603138288,0.00705284603138288,0.00705284603138288,0.00705284603138288,0.00705284603138288
0.0413442816652734,0.0413442816652734,0.0413442816652734,0.0413442816652734,0.0413442816652734,0.0413442816652734,0.0413442816652734,0.0413442816652734
0.0583933569212309,0.0583933569212309,0.0583933569212309,0.0583933569212309,0.0583933569212309,0.0583933569212309,0.0583933569212309,0.0583933569212309
0.0386123768182324,0.0386123768182324,0.0386123768182324,0.0386123768182324,0.0386123768182324,0.0386123768182324,0.0386123768182324,0.0386123768182324
0.0955799780240843,0.0955799780240843,0.0955799780240843,0.0955799780240843,0.0955799780240843,0.0955799780240843,0.0955799780240843,0.0955799780240843
0.156765216747413,0.156765216747413,0.156765216747413,0.156765216747413,0.156765216747413,0.156765216747413,0.156765216747413,0.156765216747413
0.155106594216104,0.155106594216104,0.155106594216104,0.155106594216104,0.155106594216104,0.155106594216104,0.155106594216104,0.155106594216104
0.142002453289977,0.142002453289977,0.142002453289977,0.142002453289977,0.142002453289977,0.142002453289977,0.142002453289977,0.142002453289977
0.121667259995332,0.121667259995332,0.121667259995332,0.121667259995332,0.121667259995332,0.121667259995332,0.121667259995332,0.121667259995332
0.109175007469463,0.109175007469463,0.109175007469463,0.109175007469463,0.109175007469463,0.109175007469463,0.109175007469463,0.109175007469463
0.107197791350015,0.107197791350015,0.107197791350015,0.107197791350015,0.107197791350015,0.107197791350015,0.107197791350015,0.107197791350015
0.0892256666694479,0.0892256666694479,0.0892256666694479,0.0892256666694479,0.0892256666694479,0.0892256666694479,0.0892256666694479,0.0892256666694479
0.0566724146370993,0.0566724146370993,0.0566724146370993,0.0566724146370993,0.0566724146370993,0.0566724146370993,0.0566724146370993,0.0566724146370993
0.0160176156541101,0.0160176156541101,0.0160176156541101,0.0160176156541101,0.0160176156541101,0.0160176156541101,0.0160176156541101,0.0160176156541101
-0.0206482585539484,-0.0206482585539484,-0.0206482585539484,-0.0206482585539484,-0.0206482585539484,-0.0206482585539484,-0.0206482585539484,-0.0206482585539484
-0.0493635822148443,-0.0493635822148443,-0.0493635822148443,-0.0493635822148443,-0.0493635822148443,-0.0493635822148443,-0.0493635822148443,-0.0493635822148443
-0.106831346716292,-0.106831346716292,-0.106831346716292,-0.106831346716292,-0.106831346716292,-0.106831346716292,-0.106831346716292,-0.106831346716292
-0.136904502836412,-0.136904502836412,-0.136904502836412,-0.136904502836412,-0.136904502836412,-0.136904502836412,-0.136904502836412,-0.136904502836412
-0.114053268670181,-0.114053268670181,-0.114053268670181,-0.114053268670181,-0.114053268670181,-0.114053268670181,-0.114053268670181,-0.114053268670181
-0.0777358194142903,-0.0777358194142903,-0.0777358194142903,-0.0777358194142903,-0.0777358194142903,-0.0777358194142903,-0.0777358194142903,-0.0777358194142903
-0.0193380020564031,-0.0193380020564031,-0.0193380020564031,-0.0193380020564031,-0.0193380020564031,-0.0193380020564031,-0.0193380020564031,-0.0193380020564031
0.0276789957051991,0.0276789957051991,0.0276789957051991,0.0276789957051991,0.0276789957051991,0.0276789957051991,0.0276789957051991,0.0276789957051991
0.0580241420793921,0.0580241420793921,0.0580241420793921,0.0580241420793921,0.0580241420793921,0.0580241420793921,0.0580241420793921,0.0580241420793921
0.0765427547526087,0.0765427547526087,0.0765427547526087,0.0765427547526087,0.0765427547526087,0.0765427547526087,0.0765427547526087,0.0765427547526087
0.0855199418135273,0.0855199418135273,0.0855199418135273,0.0855199418135273,0.0855199418135273,0.0855199418135273,0.0855199418135273,0.0855199418135273
0.0890395948429025,0.0890395948429025,0.0890395948429025,0.0890395948429025,0.0890395948429025,0.0890395948429025,0.0890395948429025,0.0890395948429025
0.0817746151075444,0.0817746151075444,0.0817746151075444,0.0817746151075444,0.0817746151075444,0.0817746151075444,0.0817746151075444,0.0817746151075444
0.102443808113832,0.102443808113832,0.102443808113832,0.102443808113832,0.102443808113832,0.102443808113832,0.102443808113832,0.102443808113832
0.144729172778705,0.144729172778705,0.144729172778705,0.144729172778705,0.144729172778705,0.144729172778705,0.144729172778705,0.144729172778705
0.171822686839186,0.171822686839186,0.171822686839186,0.171822686839186,0.171822686839186,0.171822686839186,0.171822686839186,0.171822686839186
0.162153025220722,0.162153025220722,0.162153025220722,0.162153025220722,0.162153025220722,0.162153025220722,0.162153025220722,0.162153025220722
0.121434825576488,0.121434825576488,0.121434825576488,0.121434825576488,0.121434825576488,0.121434825576488,0.121434825576488,0.121434825576488
0.0474763000718197,0.0474763000718197,0.0474763000718197,0.0474763000718197,0.0474763000718197,0.0474763000718197,0.0474763000718197,0.0474763000718197
-0.0277549949428627,-0.0277549949428627,-0.0277549949428627,-0.0277549949428627,-0.0277549949428627,-0.0277549949428627,-0.0277549949428627,-0.0277549949428627
-0.0964779557989983,-0.0964779557989983,-0.0964779557989983,-0.0964779557989983,-0.0964779557989983,-0.0964779557989983,-0.0964779557989983,-0.0964779557989983
-0.158028861397945,-0.158028861397945,-0.158028861397945,-0.158028861397945,-0.158028861397945,-0.158028861397945,-0.158028861397945,-0.158028861397945
-0.160028450394769,-0.160028450394769,-0.160028450394769,-0.160028450394769,-0.160028450394769,-0.160028450394769,-0.160028450394769,-0.160028450394769
-0.105624115283668,-0.105624115283668,-0.105624115283668,-0.105624115283668,-0.105624115283668,-0.105624115283668,-0.105624115283668,-0.105624115283668
-0.0591163139005673,-0.0591163139005673,-0.0591163139005673,-0.0591163139005673,-0.0591163139005673,-0.0591163139005673,-0.0591163139005673,-0.0591163139005673
-0.041818744578321,-0.041818744578321,-0.041818744578321,-0.041818744578321,-0.041818744578321,-0.041818744578321,-0.041818744578321,-0.041818744578321
-0.0408466317754332,-0.0408466317754332,-0.0408466317754332,-0.0408466317754332,-0.0408466317754332,-0.0408466317754332,-0.0408466317754332,-0.0408466317754332
-0.0334748203219309,-0.0334748203219309,-0.0334748203219309,-0.0334748203219309,-0.0334748203219309,-0.0334748203219309,-0.0334748203219309,-0.0334748203219309
-0.018008412178701,-0.018008412178701,-0.018008412178701,-0.018008412178701,-0.018008412178701,-0.018008412178701,-0.018008412178701,-0.018008412178701
-0.00899143616467751,-0.00899143616467751,-0.00899143616467751,-0.00899143616467751,-0.00899143616467751,-0.00899143616467751,-0.00899143616467751,-0.00899143616467751
0.0161539283253646,0.0161539283253646,0.0161539283253646,0.0161539283253646,0.0161539283253646,0.0161539283253646,0.0161539283253646,0.0161539283253646
0.0702807329384541,0.0702807329384541,0.0702807329384541,0.0702807329384541,0.0702807329384541,0.0702807329384541,0.0702807329384541,0.0702807329384541
0.121701314979434,0.121701314979434,0.121701314979434,0.121701314979434,0.121701314979434,0.121701314979434,0.121701314979434,0.121701314979434
0.162992305684916,0.162992305684916,0.162992305684916,0.162992305684916,0.162992305684916,0.162992305684916,0.162992305684916,0.162992305684916
0.168744202013317,0.168744202013317,0.168744202013317,0.168744202013317,0.168744202013317,0.168744202013317,0.168744202013317,0.168744202013317
0.124665358726811,0.124665358726811,0.124665358726811,0.124665358726811,0.124665358726811,0.124665358726811,0.124665358726811,0.124665358726811
0.0963752169701223,0.0963752169701223,0.0963752169701223,0.0963752169701223,0.0963752169701223,0.0963752169701223,0.0963752169701223,0.0963752169701223
0.104574008944197,0.104574008944197,0.104574008944197,0.104574008944197,0.104574008944197,0.104574008944197,0.104574008944197,0.104574008944197
0.104673461495088,0.104673461495088,0.104673461495088,0.104673461495088,0.104673461495088,0.104673461495088,0.104673461495088,0.104673461495088
0.0806733147596469,0.0806733147596469,0.0806733147596469,0.0806733147596469,0.0806733147596469,0.0806733147596469,0.0806733147596469,0.0806733147596469
0.0398191264829031,0.0398191264829031,0.0398191264829031,0.0398191264829031,0.0398191264829031,0.0398191264829031,0.0398191264829031,0.0398191264829031
-0.00174665028231816,-0.00174665028231816,-0.00174665028231816,-0.00174665028231816,-0.00174665028231816,-0.00174665028231816,-0.00174665028231816,-0.00174665028231816
-0.0305431871117719,-0.0305431871117719,-0.0305431871117719,-0.0305431871117719,-0.0305431871117719,-0.0305431871117719,-0.0305431871117719,-0.0305431871117719
-0.0914548878322588,-0.0914548878322588,-0.0914548878322588,-0.0914548878322588,-0.0914548878322588,-0.0914548878322588,-0.0914548878322588,-0.0914548878322588
-0.132523601399527,-0.132523601399527,-0.132523601399527,-0.132523601399527,-0.132523601399527,-0.132523601399527,-0.132523601399527,-0.132523601399527
-0.136227399025837,-0.136227399025837,-0.136227399025837,-0.136227399025837,-0.136227399025837,-0.136227399025837,-0.136227399025837,-0.136227399025837
-0.140892018997008,-0.140892018997008,-0.140892018997008,-0.140892018997008,-0.140892018997008,-0.140892018997008,-0.140892018997008,-0.140892018997008
-0.110331858088429,-0.110331858088429,-0.110331858088429,-0.110331858088429,-0.110331858088429,-0.110331858088429,-0.110331858088429,-0.110331858088429
-0.084600581786182,-0.084600581786182,-0.084600581786182,-0.084600581786182,-0.084600581786182,-0.084600581786182,-0.084600581786182,-0.084600581786182
-0.0904244296606133,-0.0904244296606133,-0.0904244296606133,-0.0904244296606133,-0.0904244296606133,-0.0904244296606133,-0.0904244296606133,-0.0904244296606133
-0.0814702211367262,-0.0814702211367262,-0.0814702211367262,-0.0814702211367262,-0.0814702211367262,-0.0814702211367262,-0.0814702211367262,-0.0814702211367262
-0.0827583751731359,-0.0827583751731359,-0.0827583751731359,-0.0827583751731359,-0.0827583751731359,-0.0827583751731359,-0.0827583751731359,-0.0827583751731359
-0.0942933020001727,-0.0942933020001727,-0.0942933020001727,-0.0942933020001727,-0.0942933020001727,-0.0942933020001727,-0.0942933020001727,-0.0942933020001727
-0.120919318939359,-0.120919318939359,-0.120919318939359,-0.120919318939359,-0.120919318939359,-0.120919318939359,-0.120919318939359,-0.120919318939359
-0.139527418509035,-0.139527418509035,-0.139527418509035,-0.139527418509035,-0.139527418509035,-0.139527418509035,-0.139527418509035,-0.139527418509035
-0.0961095201378452,-0.0961095201378452,-0.0961095201378452,-0.0961095201378452,-0.0961095201378452,-0.0961095201378452,-0.0961095201378452,-0.0961095201378452
-0.0517522822013116,-0.0517522822013116,-0.0517522822013116,-0.0517522822013116,-0.0517522822013116,-0.0517522822013116,-0.0517522822013116,-0.0517522822013116
-0.0350291032475081,-0.0350291032475081,-0.0350291032475081,-0.0350291032475081,-0.0350291032475081,-0.0350291032475081,-0.0350291032475081,-0.0350291032475081
-0.0555611585920759,-0.0555611585920759,-0.0555611585920759,-0.0555611585920759,-0.0555611585920759,-0.0555611585920759,-0.0555611585920759,-0.0555611585920759
-0.0965175614891572,-0.0965175614891572,-0.0965175614891572,-0.0965175614891572,-0.0965175614891572,-0.0965175614891572,-0.0965175614891572,-0.0965175614891572
-0.100775521954497,-0.100775521954497,-0.100775521954497,-0.100775521954497,-0.100775521954497,-0.100775521954497,-0.100775521954497,-0.100775521954497
-0.0899397809274772,-0.0899397809274772,-0.0899397809274772,-0.0899397809274772,-0.0899397809274772,-0.0899397809274772,-0.0899397809274772,-0.0899397809274772
-0.109771288976095,-0.109771288976095,-0.109771288976095,-0.109771288976095,-0.109771288976095,-0.109771288976095,-0.109771288976095,-0.109771288976095
-0.121466070339162,-0.121466070339162,-0.121466070339162,-0.121466070339162,-0.121466070339162,-0.121466070339162,-0.121466070339162,-0.121466070339162
-0.0631077389041105,-0.0631077389041105,-0.0631077389041105,-0.0631077389041105,-0.0631077389041105,-0.0631077389041105,-0.0631077389041105,-0.0631077389041105
0.050784920453311,0.050784920453311,0.050784920453311,0.050784920453311,0.050784920453311,0.050784920453311,0.050784920453311,0.050784920453311
0.0948033499549077,0.0948033499549077,0.0948033499549077,0.0948033499549077,0.0948033499549077,0.0948033499549077,0.0948033499549077,0.0948033499549077
0.0685153021689687,0.0685153021689687,0.0685153021689687,0.0685153021689687,0.0685153021689687,0.0685153021689687,0.0685153021689687,0.0685153021689687
0.0753440802509299,0.0753440802509299,0.0753440802509299,0.0753440802509299,0.0753440802509299,0.0753440802509299,0.0753440802509299,0.0753440802509299
0.0666623225297257,0.0666623225297257,0.0666623225297257,0.0666623225297257,0.0666623225297257,0.0666623225297257,0.0666623225297257,0.0666623225297257
0.0523019679554173,0.0523019679554173,0.0523019679554173,0.0523019679554173,0.0523019679554173,0.0523019679554173,0.0523019679554173,0.0523019679554173
0.0363333953893052,0.0363333953893052,0.0363333953893052,0.0363333953893052,0.0363333953893052,0.0363333953893052,0.0363333953893052,0.0363333953893052
-0.0256492511740547,-0.0256492511740547,-0.0256492511740547,-0.0256492511740547,-0.0256492511740547,-0.0256492511740547,-0.0256492511740547,-0.0256492511740547
-0.0801750878189918,-0.0801750878189918,-0.0801750878189918,-0.0801750878189918,-0.0801750878189918,-0.0801750878189918,-0.0801750878189918,-0.0801750878189918
-0.0967979253766522,-0.0967979253766522,-0.0967979253766522,-0.0967979253766522,-0.0967979253766522,-0.0967979253766522,-0.0967979253766522,-0.0967979253766522
-0.10021870153559,-0.10021870153559,-0.10021870153559,-0.10021870153559,-0.10021870153559,-0.10021870153559,-0.10021870153559,-0.10021870153559
-0.142630119294506,-0.142630119294506,-0.142630119294506,-0.142630119294506,-0.142630119294506,-0.142630119294506,-0.142630119294506,-0.142630119294506
-0.209558986858669,-0.209558986858669,-0.209558986858669,-0.209558986858669,-0.209558986858669,-0.209558986858669,-0.209558986858669,-0.209558986858669
-0.251054973076635,-0.251054973076635,-0.251054973076635,-0.251054973076635,-0.251054973076635,-0.251054973076635,-0.251054973076635,-0.251054973076635
-0.264291968388132,-0.264291968388132,-0.264291968388132,-0.264291968388132,-0.264291968388132,-0.264291968388132,-0.264291968388132,-0.264291968388132
-0.284912990319946,-0.284912990319946,-0.284912990319946,-0.284912990319946,-0.284912990319946,-0.284912990319946,-0.284912990319946,-0.284912990319946
-0.256038796142256,-0.256038796142256,-0.256038796142256,-0.256038796142256,-0.256038796142256,-0.256038796142256,-0.256038796142256,-0.256038796142256
-0.178300096907928,-0.178300096907928,-0.178300096907928,-0.178300096907928,-0.178300096907928,-0.178300096907928,-0.178300096907928,-0.178300096907928
-0.140584912681651,-0.140584912681651,-0.140584912681651,-0.140584912681651,-0.140584912681651,-0.140584912681651,-0.140584912681651,-0.140584912681651
-0.107968214468085,-0.107968214468085,-0.107968214468085,-0.107968214468085,-0.107968214468085,-0.107968214468085,-0.107968214468085,-0.107968214468085
-0.0632572468735161,-0.0632572468735161,-0.0632572468735161,-0.0632572468735161,-0.0632572468735161,-0.0632572468735161,-0.0632572468735161,-0.0632572468735161
-0.0239704764885393,-0.0239704764885393,-0.0239704764885393,-0.0239704764885393,-0.0239704764885393,-0.0239704764885393,-0.0239704764885393,-0.0239704764885393
0.0177673278259141,0.0177673278259141,0.0177673278259141,0.0177673278259141,0.0177673278259141,0.0177673278259141,0.0177673278259141,0.0177673278259141
0.0476716665435852,0.0476716665435852,0.0476716665435852,0.0476716665435852,0.0476716665435852,0.0476716665435852,0.0476716665435852,0.0476716665435852
0.0534756807185826,0.0534756807185826,0.0534756807185826,0.0534756807185826,0.0534756807185826,0.0534756807185826,0.0534756807185826,0.0534756807185826
0.0822545539627188,0.0822545539627188,0.0822545539627188,0.0822545539627188,0.0822545539627188,0.0822545539627188,0.0822545539627188,0.0822545539627188
0.110812019664982,0.110812019664982,0.110812019664982,0.110812019664982,0.110812019664982,0.110812019664982,0.110812019664982,0.110812019664982
0.092725386724124,0.092725386724124,0.092725386724124,0.092725386724124,0.092725386724124,0.092725386724124,0.092725386724124,0.092725386724124
0.068340185005062,0.068340185005062,0.068340185005062,0.068340185005062,0.068340185005062,0.068340185005062,0.068340185005062,0.068340185005062
0.0589920713712867,0.0589920713712867,0.0589920713712867,0.0589920713712867,0.0589920713712867,0.0589920713712867,0.0589920713712867,0.0589920713712867
0.0555174034475142,0.0555174034475142,0.0555174034475142,0.0555174034475142,0.0555174034475142,0.0555174034475142,0.0555174034475142,0.0555174034475142
0.0461815885057277,0.0461815885057277,0.0461815885057277,0.0461815885057277,0.0461815885057277,0.0461815885057277,0.0461815885057277,0.0461815885057277
0.0290800328599137,0.0290800328599137,0.0290800328599137,0.0290800328599137,0.0290800328599137,0.0290800328599137,0.0290800328599137,0.0290800328599137
0.00918070809921872,0.00918070809921872,0.00918070809921872,0.00918070809921872,0.00918070809921872,0.00918070809921872,0.00918070809921872,0.00918070809921872
-0.0449753052565947,-0.0449753052565947,-0.0449753052565947,-0.0449753052565947,-0.0449753052565947,-0.0449753052565947,-0.0449753052565947,-0.0449753052565947
-0.122915767759241,-0.122915767759241,-0.122915767759241,-0.122915767759241,-0.122915767759241,-0.122915767759241,-0.122915767759241,-0.122915767759241
-0.171103007818458,-0.171103007818458,-0.171103007818458,-0.171103007818458,-0.171103007818458,-0.171103007818458,-0.171103007818458,-0.171103007818458
-0.214235029456923,-0.214235029456923,-0.214235029456923,-0.214235029456923,-0.214235029456923,-0.214235029456923,-0.214235029456923,-0.214235029456923
-0.248019258993168,-0.248019258993168,-0.248019258993168,-0.248019258993168,-0.248019258993168,-0.248019258993168,-0.248019258993168,-0.248019258993168
-0.214712493411309,-0.214712493411309,-0.214712493411309,-0.214712493411309,-0.214712493411309,-0.214712493411309,-0.214712493411309,-0.214712493411309
-0.188651151624537,-0.188651151624537,-0.188651151624537,-0.188651151624537,-0.188651151624537,-0.188651151624537,-0.188651151624537,-0.188651151624537
-0.199342519434369,-0.199342519434369,-0.199342519434369,-0.199342519434369,-0.199342519434369,-0.199342519434369,-0.199342519434369,-0.199342519434369
-0.197538273964563,-0.197538273964563,-0.197538273964563,-0.197538273964563,-0.197538273964563,-0.197538273964563,-0.197538273964563,-0.197538273964563
-0.172005796345873,-0.172005796345873,-0.172005796345873,-0.172005796345873,-0.172005796345873,-0.172005796345873,-0.172005796345873,-0.172005796345873
-0.154889608518872,-0.154889608518872,-0.154889608518872,-0.154889608518872,-0.154889608518872,-0.154889608518872,-0.154889608518872,-0.154889608518872
-0.153831915753958,-0.153831915753958,-0.153831915753958,-0.153831915753958,-0.153831915753958,-0.153831915753958,-0.153831915753958,-0.153831915753958
-0.132986284596459,-0.132986284596459,-0.132986284596459,-0.132986284596459,-0.132986284596459,-0.132986284596459,-0.132986284596459,-0.132986284596459
-0.0696627382344574,-0.0696627382344574,-0.0696627382344574,-0.0696627382344574,-0.0696627382344574,-0.0696627382344574,-0.0696627382344574,-0.0696627382344574
-0.0277782865362654,-0.0277782865362654,-0.0277782865362654,-0.0277782865362654,-0.0277782865362654,-0.0277782865362654,-0.0277782865362654,-0.0277782865362654
-0.00394141757679003,-0.00394141757679003,-0.00394141757679003,-0.00394141757679003,-0.00394141757679003,-0.00394141757679003,-0.00394141757679003,-0.00394141757679003
0.00467704419143102,0.00467704419143102,0.00467704419143102,0.00467704419143102,0.00467704419143102,0.00467704419143102,0.00467704419143102,0.00467704419143102
-0.052259599693608,-0.052259599693608,-0.052259599693608,-0.052259599693608,-0.052259599693608,-0.052259599693608,-0.052259599693608,-0.052259599693608
-0.093134337923309,-0.093134337923309,-0.093134337923309,-0.093134337923309,-0.093134337923309,-0.093134337923309,-0.093134337923309,-0.093134337923309
-0.106513657067305,-0.106513657067305,-0.106513657067305,-0.106513657067305,-0.106513657067305,-0.106513657067305,-0.106513657067305,-0.106513657067305
-0.0903220258138641,-0.0903220258138641,-0.0903220258138641,-0.0903220258138641,-0.0903220258138641,-0.0903220258138641,-0.0903220258138641,-0.0903220258138641
-0.0730201820540202,-0.0730201820540202,-0.0730201820540202,-0.0730201820540202,-0.0730201820540202,-0.0730201820540202,-0.0730201820540202,-0.0730201820540202
-0.0684355231180767,-0.0684355231180767,-0.0684355231180767,-0.0684355231180767,-0.0684355231180767,-0.0684355231180767,-0.0684355231180767,-0.0684355231180767
-0.0646040032906738,-0.0646040032906738,-0.0646040032906738,-0.0646040032906738,-0.0646040032906738,-0.0646040032906738,-0.0646040032906738,-0.0646040032906738
-0.0765962828076377,-0.0765962828076377,-0.0765962828076377,-0.0765962828076377,-0.0765962828076377,-0.0765962828076377,-0.0765962828076377,-0.0765962828076377
-0.103612498713225,-0.103612498713225,-0.103612498713225,-0.103612498713225,-0.103612498713225,-0.103612498713225,-0.103612498713225,-0.103612498713225
-0.117537233977232,-0.117537233977232,-0.117537233977232,-0.117537233977232,-0.117537233977232,-0.117537233977232,-0.117537233977232,-0.117537233977232
-0.107779197331881,-0.107779197331881,-0.107779197331881,-0.107779197331881,-0.107779197331881,-0.107779197331881,-0.107779197331881,-0.107779197331881
-0.0689980231139464,-0.0689980231139464,-0.0689980231139464,-0.0689980231139464,-0.0689980231139464,-0.0689980231139464,-0.0689980231139464,-0.0689980231139464
-0.04131308996201,-0.04131308996201,-0.04131308996201,-0.04131308996201,-0.04131308996201,-0.04131308996201,-0.04131308996201,-0.04131308996201
-0.0587600901679237,-0.0587600901679237,-0.0587600901679237,-0.0587600901679237,-0.0587600901679237,-0.0587600901679237,-0.0587600901679237,-0.0587600901679237
-0.0900062636617182,-0.0900062636617182,-0.0900062636617182,-0.0900062636617182,-0.0900062636617182,-0.0900062636617182,-0.0900062636617182,-0.0900062636617182
-0.1109880698497,-0.1109880698497,-0.1109880698497,-0.1109880698497,-0.1109880698497,-0.1109880698497,-0.1109880698497,-0.1109880698497
-0.105870121383269,-0.105870121383269,-0.105870121383269,-0.105870121383269,-0.105870121383269,-0.105870121383269,-0.105870121383269,-0.105870121383269
-0.101894235046632,-0.101894235046632,-0.101894235046632,-0.101894235046632,-0.101894235046632,-0.101894235046632,-0.101894235046632,-0.101894235046632
-0.0948357371499771,-0.0948357371499771,-0.0948357371499771,-0.0948357371499771,-0.0948357371499771,-0.0948357371499771,-0.0948357371499771,-0.0948357371499771
-0.0714675714934874,-0.0714675714934874,-0.0714675714934874,-0.0714675714934874,-0.0714675714934874,-0.0714675714934874,-0.0714675714934874,-0.0714675714934874
-0.0664409610918196,-0.0664409610918196,-0.0664409610918196,-0.0664409610918196,-0.0664409610918196,-0.0664409610918196,-0.0664409610918196,-0.0664409610918196
