routeid,region,size,variable,long,lat
1,NA,0.275115624721756,long1,-102.860921597659,43.0027623207431
2,EU,10.9803510329698,long1,-5.69777056965838,55.4523010786167
3,EU,10.9803510329698,long1,125.808924214373,64.397884246883
4,AS,30.1355157240119,long1,131.829903379152,45.5473235007899
5,ATO,2.78845211338908,long1,20.5615684647064,60.1873055954037
6,ATO,2.78845211338908,long1,-119.151613795432,70.7455709469353
7,ATO,2.78845211338908,long1,-52.2424403590063,53.7063191233669
8,EU,10.9803510329698,long1,81.5381353246387,58.0813180073888
9,CS,1.07643236311117,long1,49.8617772878291,42.4012534706396
10,ATO,2.78845211338908,long1,-55.9686974770535,45.9544550653565
11,ATO,2.78845211338908,long1,-0.967955619391553,55.1524543705733
12,NA,0.275115624721756,long1,-113.175325617663,59.0689186364298
13,EU,10.9803510329698,long1,104.415296642609,73.0962689151879
14,AS,30.1355157240119,long1,73.7093362238003,44.6957181522362
15,ATO,2.78845211338908,long1,-62.9366802934719,39.4214333820999
16,MS,0.963089001128358,long1,-2.78624138961874,36.4463266497666
17,AS,30.1355157240119,long1,36.9352456138098,27.7182794299644
18,EU,10.9803510329698,long1,27.0757045189567,46.750746165361
19,ATO,2.78845211338908,long1,-20.8434023892914,34.7834357950538
20,EU,10.9803510329698,long1,67.6281382438682,65.626396076455
1,NA,0.275115624721756,long2,-107.027222667264,43.1920550817454
2,EU,10.9803510329698,long2,-2.2482735577387,56.2624398551099
3,EU,10.9803510329698,long2,131.272282154907,64.6816517957127
4,AS,30.1355157240119,long2,124.550284445638,46.4066051264185
5,ATO,2.78845211338908,long2,25.947743856582,60.8788725670719
6,ATO,2.78845211338908,long2,-128.10111549981,71.9623898920941
7,ATO,2.78845211338908,long2,-48.4941717227143,54.6407363495462
8,EU,10.9803510329698,long2,83.7403217952775,58.0023782376223
9,CS,1.07643236311117,long2,51.5901188648796,42.2206795522655
10,ATO,2.78845211338908,long2,-52.4474761995171,46.3187105282127
11,ATO,2.78845211338908,long2,1.21561451589433,55.5988613109241
12,NA,0.275115624721756,long2,-115.934083333296,59.8856553334836
13,EU,10.9803510329698,long2,116.313293785173,73.7756986491124
14,AS,30.1355157240119,long2,74.9498587324616,44.5319828578305
15,ATO,2.78845211338908,long2,-60.4950232979829,39.6064342894636
16,MS,0.963089001128358,long2,-0.0496688872373923,36.3963901535976
17,AS,30.1355157240119,long2,37.906832330226,27.6324233482357
18,EU,10.9803510329698,long2,29.2096750796815,46.6596846477064
19,ATO,2.78845211338908,long2,-18.4645370409972,34.7738299840837
20,EU,10.9803510329698,long2,70.1005292773191,65.7262489393346
1,NA,0.275115624721756,long3,-108.121505933004,43.3597402288347
2,EU,10.9803510329698,long3,1.57185205513022,57.0282031938106
3,EU,10.9803510329698,long3,132.892069081462,64.9185894696042
4,AS,30.1355157240119,long3,90.9114580511886,47.3733126920267
5,ATO,2.78845211338908,long3,33.1516832501658,61.4698347423095
6,ATO,2.78845211338908,long3,-120.663076212031,73.1278435096285
7,ATO,2.78845211338908,long3,-43.7974970099634,55.6492442015638
8,EU,10.9803510329698,long3,86.6499819522006,57.8620702407313
9,CS,1.07643236311117,long3,53.2552647294122,42.0453989599095
10,ATO,2.78845211338908,long3,-48.7257809649998,46.7921704241217
11,ATO,2.78845211338908,long3,3.36128907391175,56.0313846117964
12,NA,0.275115624721756,long3,-116.359953967809,60.7113781627935
13,EU,10.9803510329698,long3,117.620493550118,74.6371194599947
14,AS,30.1355157240119,long3,76.0726313136158,44.3374807918735
15,ATO,2.78845211338908,long3,-58.3553734516967,39.816483645004
16,MS,0.963089001128358,long3,2.64874539105141,36.3791011172565
17,AS,30.1355157240119,long3,38.8241455716356,27.554803881509
18,EU,10.9803510329698,long3,31.2804579037964,46.5620687338692
19,ATO,2.78845211338908,long3,-16.0542521520626,34.7387759838141
20,EU,10.9803510329698,long3,71.3955293249943,65.686044837784
1,NA,0.275115624721756,long4,-106.433428632249,43.5308508503283
2,EU,10.9803510329698,long4,5.7408874531487,57.6578362371002
3,EU,10.9803510329698,long4,131.703433156232,65.1567387879526
4,AS,30.1355157240119,long4,49.6373959510738,48.3417687832473
5,ATO,2.78845211338908,long4,39.4717664185551,61.8442167751345
6,ATO,2.78845211338908,long4,-97.709905099313,74.3210430191277
7,ATO,2.78845211338908,long4,-38.2324256065458,56.6386290927131
8,EU,10.9803510329698,long4,88.8137599305361,57.6442067036939
9,CS,1.07643236311117,long4,54.8257230021686,41.8665412802217
10,ATO,2.78845211338908,long4,-44.7796502801673,47.3226637962723
11,ATO,2.78845211338908,long4,5.50468732395805,56.3869243982995
12,NA,0.275115624721756,long4,-113.672809984919,61.5128798259661
13,EU,10.9803510329698,long4,101.094569784555,75.6307993716772
14,AS,30.1355157240119,long4,77.0668689359572,44.1318572183805
15,ATO,2.78845211338908,long4,-56.1349563841619,40.0668335185034
16,MS,0.963089001128358,long4,5.33911323941439,36.3648235024761
17,AS,30.1355157240119,long4,39.663701170158,27.4649380178249
18,EU,10.9803510329698,long4,33.2640732652,46.4226075774839
19,ATO,2.78845211338908,long4,-13.6659637044033,34.6344567137116
20,EU,10.9803510329698,long4,71.3299114939588,65.5065341808983
1,NA,0.275115624721756,long5,-103.241844712806,43.6945403812344
2,EU,10.9803510329698,long5,10.1333335335258,58.1165247598177
3,EU,10.9803510329698,long5,129.70026985154,65.4106144004322
4,AS,30.1355157240119,long5,7.43114480177433,49.2307209260404
5,ATO,2.78845211338908,long5,44.6649424634274,62.0048895108496
6,ATO,2.78845211338908,long5,-65.2180874564924,75.448848859506
7,ATO,2.78845211338908,long5,-31.9992251060414,57.5401510847213
8,EU,10.9803510329698,long5,90.3045502815541,57.3622027541882
9,CS,1.07643236311117,long5,56.3186847962485,41.7156215811758
10,ATO,2.78845211338908,long5,-40.5485136307192,47.8544197285534
11,ATO,2.78845211338908,long5,7.63553188376608,56.6397562200883
12,NA,0.275115624721756,long5,-109.329338171471,62.2023241316451
13,EU,10.9803510329698,long5,70.5761838378711,76.6751394704176
14,AS,30.1355157240119,long5,77.9709594490682,43.9469692917451
15,ATO,2.78845211338908,long5,-53.5605020996517,40.351699956593
16,MS,0.963089001128358,long5,8.02109886875459,36.341801721625
17,AS,30.1355157240119,long5,40.4225481620356,27.3946362078177
18,EU,10.9803510329698,long5,35.1743960836418,46.2599863802233
19,ATO,2.78845211338908,long5,-11.3600810996038,34.4632466276572
20,EU,10.9803510329698,long5,70.9021048973596,65.2445027922045
1,NA,0.275115624721756,long6,-99.267605783189,43.8573881460372
2,EU,10.9803510329698,long6,14.5923897163019,58.4505400047246
3,EU,10.9803510329698,long6,128.123985154131,65.6420032991657
4,AS,30.1355157240119,long6,-37.0477498532636,49.9167207750587
5,ATO,2.78845211338908,long6,49.4395794907507,61.9948520087682
6,ATO,2.78845211338908,long6,-20.7023013657816,76.2536054837613
7,ATO,2.78845211338908,long6,-25.1602856852726,58.3446413666933
8,EU,10.9803510329698,long6,91.6583022202439,57.0173110355034
9,CS,1.07643236311117,long6,57.7851048785548,41.6040439218406
10,ATO,2.78845211338908,long6,-36.1427735568186,48.3892489088666
11,ATO,2.78845211338908,long6,9.69125793950898,56.8184338942099
12,NA,0.275115624721756,long6,-104.139550153284,62.7502636219054
13,EU,10.9803510329698,long6,32.0969687790964,77.5680795199498
14,AS,30.1355157240119,long6,78.8036364552234,43.7617456077427
15,ATO,2.78845211338908,long6,-50.6574975645663,40.6743706370877
16,MS,0.963089001128358,long6,10.7089683718707,36.3424422623008
17,AS,30.1355157240119,long6,41.1337425810271,27.379839080359
18,EU,10.9803510329698,long6,37.0430241514979,46.1116886864568
19,ATO,2.78845211338908,long6,-9.16925070425566,34.2869802213508
20,EU,10.9803510329698,long6,70.4778250893699,64.926507573576
1,NA,0.275115624721756,long7,-94.7134842416931,44.0541937244948
2,EU,10.9803510329698,long7,19.0498292291794,58.6889865130427
3,EU,10.9803510329698,long7,126.825917033988,65.8285156460452
4,AS,30.1355157240119,long7,-72.7961803648542,50.3388887838031
5,ATO,2.78845211338908,long7,54.0250244972633,61.7696702740409
6,ATO,2.78845211338908,long7,25.8935675020497,76.5815800747204
7,ATO,2.78845211338908,long7,-17.8701611715827,59.0243670542173
8,EU,10.9803510329698,long7,92.5984223653129,56.5940474397831
9,CS,1.07643236311117,long7,59.2395759604003,41.4951439706377
10,ATO,2.78845211338908,long7,-31.6478062476411,48.9348535152595
11,ATO,2.78845211338908,long7,11.6837256743246,56.9401820869819
12,NA,0.275115624721756,long7,-98.0149120631854,63.2246487451208
13,EU,10.9803510329698,long7,-21.3094234115385,78.1589485012573
14,AS,30.1355157240119,long7,79.5481530400759,43.5534737151943
15,ATO,2.78845211338908,long7,-47.4326476930752,41.0415287990184
16,MS,0.963089001128358,long7,13.4342527606405,36.3646212975313
17,AS,30.1355157240119,long7,41.8204594862124,27.4040067421896
18,EU,10.9803510329698,long7,38.9114413378619,45.9653915898005
19,ATO,2.78845211338908,long7,-7.07653133397307,34.1414636388646
20,EU,10.9803510329698,long7,70.0536623398847,64.5431704669836
1,NA,0.275115624721756,long8,-89.702001805454,44.2902358353669
2,EU,10.9803510329698,long8,23.5706963254105,58.8185920851599
3,EU,10.9803510329698,long8,124.896199239897,65.9993125060571
4,AS,30.1355157240119,long8,-95.5001527146547,50.6814792993104
5,ATO,2.78845211338908,long8,58.5056474693783,61.2651145935102
6,ATO,2.78845211338908,long8,71.428624283846,76.4409194239949
7,ATO,2.78845211338908,long8,-10.3371210387083,59.5198509612845
8,EU,10.9803510329698,long8,93.3658498455192,56.1135326580781
9,CS,1.07643236311117,long8,60.6536493910836,41.3694264449781
10,ATO,2.78845211338908,long8,-27.0396396998457,49.4657810981685
11,ATO,2.78845211338908,long8,13.6902068770211,56.9920965733639
12,NA,0.275115624721756,long8,-90.5243127804607,63.6900348986911
13,EU,10.9803510329698,long8,-68.8828442069787,78.4620266202341
14,AS,30.1355157240119,long8,80.212566399623,43.3569423936904
15,ATO,2.78845211338908,long8,-44.1385840188453,41.4288483116042
16,MS,0.963089001128358,long8,16.1911548795859,36.3693226260552
17,AS,30.1355157240119,long8,42.4677743137522,27.448232766654
18,EU,10.9803510329698,long8,40.7630869613111,45.8012097314163
19,ATO,2.78845211338908,long8,-5.0498595364522,34.0088055785152
20,EU,10.9803510329698,long8,69.2592601064387,64.0963048576258
1,NA,0.275115624721756,long9,-84.3449649713301,44.5415731773052
2,EU,10.9803510329698,long9,28.2682579737989,58.8667503206307
3,EU,10.9803510329698,long9,122.487601852065,66.1683763569284
4,AS,30.1355157240119,long9,-108.166695205392,51.1273890284916
5,ATO,2.78845211338908,long9,62.6589503743833,60.5032005110283
6,ATO,2.78845211338908,long9,104.086230619023,75.9273820428968
7,ATO,2.78845211338908,long9,-2.79057031760242,59.801433616502
8,EU,10.9803510329698,long9,93.9620501053898,55.6262299028702
9,CS,1.07643236311117,long9,62.0280744732903,41.2590046193296
10,ATO,2.78845211338908,long9,-22.3078148451973,49.9666438049077
11,ATO,2.78845211338908,long9,15.6495128030898,56.9891972724546
12,NA,0.275115624721756,long9,-81.1702645606566,64.1698936572251
13,EU,10.9803510329698,long9,-80.837932991553,78.5127935990739
14,AS,30.1355157240119,long9,80.8272832237728,43.2012897994722
15,ATO,2.78845211338908,long9,-40.6931605443889,41.8113740762419
16,MS,0.963089001128358,long9,18.9578859902268,36.3724586931342
17,AS,30.1355157240119,long9,43.0762846397371,27.5429350370978
18,EU,10.9803510329698,long9,42.5952939925139,45.6587812238481
19,ATO,2.78845211338908,long9,-3.01430224936408,33.9012192466125
20,EU,10.9803510329698,long9,67.6090770395427,63.6119743024315
1,NA,0.275115624721756,long10,-78.6831656361703,44.8052631308235
2,EU,10.9803510329698,long10,33.183189767405,58.853703635378
3,EU,10.9803510329698,long10,119.73858806544,66.3122409154455
4,AS,30.1355157240119,long10,-113.746794383955,51.5862721158885
5,ATO,2.78845211338908,long10,66.3465853144417,59.5501530764216
6,ATO,2.78845211338908,long10,117.7975531826,75.1895168223349
7,ATO,2.78845211338908,long10,4.735152793745,59.8914524297984
8,EU,10.9803510329698,long10,94.4352244045213,55.1467886919532
9,CS,1.07643236311117,long10,63.4085343060527,41.1844697579082
10,ATO,2.78845211338908,long10,-17.4738393202489,50.4304066427055
11,ATO,2.78845211338908,long10,17.546369921893,56.9851522652631
12,NA,0.275115624721756,long10,-69.502443448901,64.7224024006797
13,EU,10.9803510329698,long10,-69.8120079455498,78.3882168062033
14,AS,30.1355157240119,long10,81.3878053668096,43.0530393744791
15,ATO,2.78845211338908,long10,-36.9781706147354,42.2027048489184
16,MS,0.963089001128358,long10,21.7512528653826,36.4318623492196
17,AS,30.1355157240119,long10,43.7073232029801,27.7182755370401
18,EU,10.9803510329698,long10,44.4613613121503,45.5808150154964
19,ATO,2.78845211338908,long10,-0.888110005185465,33.8665535649931
20,EU,10.9803510329698,long10,65.909924652929,63.0929551084324
1,NA,0.275115624721756,long11,-72.7581025675495,45.1143190380932
2,EU,10.9803510329698,long11,38.2286946907146,58.7204037364786
3,EU,10.9803510329698,long11,116.837656428012,66.4144834617555
4,AS,30.1355157240119,long11,-113.615513912807,51.889717598376
5,ATO,2.78845211338908,long11,69.5327494656699,58.4542589034066
6,ATO,2.78845211338908,long11,121.606342101726,74.3192155113183
7,ATO,2.78845211338908,long11,12.4609504246103,59.8002229932346
8,EU,10.9803510329698,long11,94.7703119720872,54.6574757222108
9,CS,1.07643236311117,long11,64.8041224916079,41.128230998236
10,ATO,2.78845211338908,long11,-12.558855112814,50.8200274491722
11,ATO,2.78845211338908,long11,19.4246450135182,56.9939041000903
12,NA,0.275115624721756,long11,-54.1789879061979,65.4117750163081
13,EU,10.9803510329698,long11,-49.0849021061152,78.2247615190406
14,AS,30.1355157240119,long11,81.8444050909632,42.8855276683537
15,ATO,2.78845211338908,long11,-33.1489134114582,42.579624690641
16,MS,0.963089001128358,long11,24.6072699051671,36.5476805183192
17,AS,30.1355157240119,long11,44.3896589914813,27.9486065582588
18,EU,10.9803510329698,long11,46.3881009434272,45.5390466006688
19,ATO,2.78845211338908,long11,1.32943889076923,33.8992621849993
20,EU,10.9803510329698,long11,64.8930499308199,62.5217303980539
1,NA,0.275115624721756,long12,-66.6043816143947,45.5053371186812
2,EU,10.9803510329698,long12,43.134822090535,58.4085783421344
3,EU,10.9803510329698,long12,113.773871657176,66.4770518856082
4,AS,30.1355157240119,long12,-110.426464522524,51.9532794845317
5,ATO,2.78845211338908,long12,72.2494556202813,57.2704188300459
6,ATO,2.78845211338908,long12,118.154207909605,73.3375442613619
7,ATO,2.78845211338908,long12,20.7941416541954,59.4950056058972
8,EU,10.9803510329698,long12,95.0032655111255,54.1655604470898
9,CS,1.07643236311117,long12,66.1637225463866,41.0919265224711
10,ATO,2.78845211338908,long12,-7.52747468076567,51.0973378833311
11,ATO,2.78845211338908,long12,21.2643360558437,56.9780163303668
12,NA,0.275115624721756,long12,-35.3753260813878,66.2447686028387
13,EU,10.9803510329698,long12,-22.6816723588955,78.0745656368233
14,AS,30.1355157240119,long12,82.1894372215206,42.7401153507176
15,ATO,2.78845211338908,long12,-29.2803694875964,42.8764012514954
16,MS,0.963089001128358,long12,27.5162424928616,36.676991689083
17,AS,30.1355157240119,long12,45.0823004193865,28.2052039764041
18,EU,10.9803510329698,long12,48.3395061134227,45.4935893515325
19,ATO,2.78845211338908,long12,3.62786183089704,33.9544804198285
20,EU,10.9803510329698,long12,64.1823453298875,61.9033487749718
1,NA,0.275115624721756,long13,-60.114229844073,45.9932294847513
2,EU,10.9803510329698,long13,47.7086281918822,57.9470824730012
3,EU,10.9803510329698,long13,110.421748675222,66.4945280478192
4,AS,30.1355157240119,long13,-105.266516889173,51.7414643046652
5,ATO,2.78845211338908,long13,74.5702870175688,56.0791107071876
6,ATO,2.78845211338908,long13,113.069542263712,72.2848535219023
7,ATO,2.78845211338908,long13,28.9690698625549,59.0139097161964
8,EU,10.9803510329698,long13,95.1964969643391,53.6728369194269
9,CS,1.07643236311117,long13,67.4691456929749,41.1097582178915
10,ATO,2.78845211338908,long13,-2.45237044768242,51.2906712728254
11,ATO,2.78845211338908,long13,22.9876149038156,56.9301604020947
12,NA,0.275115624721756,long13,-18.5718778001858,67.1415261157695
13,EU,10.9803510329698,long13,2.04096670859354,77.8438189321989
14,AS,30.1355157240119,long13,82.4919468688965,42.6445289097442
15,ATO,2.78845211338908,long13,-25.3916164923998,43.0928521027913
16,MS,0.963089001128358,long13,30.4455538225386,36.8365724221092
17,AS,30.1355157240119,long13,45.8034410061984,28.5084763203246
18,EU,10.9803510329698,long13,50.2835081838623,45.4678193728827
19,ATO,2.78845211338908,long13,6.00489019417273,34.0469338311899
20,EU,10.9803510329698,long13,63.4190656581693,61.2596967742544
1,NA,0.275115624721756,long14,-53.2705809249581,46.5792868204641
2,EU,10.9803510329698,long14,52.0442354457368,57.3862642677579
3,EU,10.9803510329698,long14,107.103877453956,66.4465581033961
4,AS,30.1355157240119,long14,-97.3203719153514,51.3878355263925
5,ATO,2.78845211338908,long14,76.5888089968646,54.9365785666611
6,ATO,2.78845211338908,long14,107.453471123274,71.1414919593738
7,ATO,2.78845211338908,long14,35.8925332278443,58.4537731428226
8,EU,10.9803510329698,long14,95.3221652471992,53.1490261457979
9,CS,1.07643236311117,long14,68.7426011194025,41.1764405088571
10,ATO,2.78845211338908,long14,2.59884697563101,51.4676551145541
11,ATO,2.78845211338908,long14,24.6567987792606,56.8768769708247
12,NA,0.275115624721756,long14,-6.94332198207472,67.9514856724913
13,EU,10.9803510329698,long14,16.9903669046766,77.3839680199727
14,AS,30.1355157240119,long14,82.7870309512549,42.552720755076
15,ATO,2.78845211338908,long14,-21.4673593790518,43.2785759795937
16,MS,0.963089001128358,long14,33.4031798277349,37.0804409261871
17,AS,30.1355157240119,long14,46.6025415034524,28.8687434181262
18,EU,10.9803510329698,long14,52.2273952821942,45.4964308811598
19,ATO,2.78845211338908,long14,8.47846200752934,34.230670576054
20,EU,10.9803510329698,long14,62.6246788171576,60.5854114648575
1,NA,0.275115624721756,long15,-46.2257519971803,47.2435666816715
2,EU,10.9803510329698,long15,56.1384610986019,56.7220368047192
3,EU,10.9803510329698,long15,103.356016440752,66.3038044487595
4,AS,30.1355157240119,long15,-87.5031740699264,51.1811720577334
5,ATO,2.78845211338908,long15,78.3888594408283,53.8568138538944
6,ATO,2.78845211338908,long15,101.664710157351,69.8596636070828
7,ATO,2.78845211338908,long15,41.9510983459823,57.7913861724535
8,EU,10.9803510329698,long15,95.3501615990939,52.591818469682
9,CS,1.07643236311117,long15,69.9714664158081,41.2471659324322
10,ATO,2.78845211338908,long15,7.69392028174035,51.635883668954
11,ATO,2.78845211338908,long15,26.6319711156734,56.8122901863154
12,NA,0.275115624721756,long15,2.65663057397072,68.4393923073244
13,EU,10.9803510329698,long15,19.9830610979082,76.6392838369784
14,AS,30.1355157240119,long15,83.0337384084493,42.43244593311
15,ATO,2.78845211338908,long15,-17.5338993332576,43.4217591896261
16,MS,0.963089001128358,long15,36.4274531885586,37.3930215972687
17,AS,30.1355157240119,long15,47.4670891700842,29.2545136831304
18,EU,10.9803510329698,long15,54.1722061432809,45.5570503603397
19,ATO,2.78845211338908,long15,11.0852049699858,34.499694544457
20,EU,10.9803510329698,long15,62.3005675832204,59.8459938657467
1,NA,0.275115624721756,long16,-38.9711493502482,47.8910409743361
2,EU,10.9803510329698,long16,59.8211102475104,55.9397114498276
3,EU,10.9803510329698,long16,98.9352470736026,66.0103523661539
4,AS,30.1355157240119,long16,-77.3690896141468,51.3006938580433
5,ATO,2.78845211338908,long16,79.9832566876775,52.8681951352971
6,ATO,2.78845211338908,long16,97.4680915040561,68.4714813732284
7,ATO,2.78845211338908,long16,47.6184525446476,56.9511187149861
8,EU,10.9803510329698,long16,95.2498873507701,52.0369351340883
9,CS,1.07643236311117,long16,71.1261971340351,41.3270428963417
10,ATO,2.78845211338908,long16,12.887107983979,51.7399721505078
11,ATO,2.78845211338908,long16,29.0054270809794,56.6978477373722
12,NA,0.275115624721756,long16,12.7186483622721,68.3928179214485
13,EU,10.9803510329698,long16,21.6899494989404,75.6593416179286
14,AS,30.1355157240119,long16,83.2294980342072,42.3254571414518
15,ATO,2.78845211338908,long16,-13.5543024177711,43.4705419566824
16,MS,0.963089001128358,long16,39.5163688213602,37.7239709480262
17,AS,30.1355157240119,long16,48.3686999233405,29.6489247819988
18,EU,10.9803510329698,long16,56.0938136249302,45.6158903825233
19,ATO,2.78845211338908,long16,13.8217462100104,34.8057945420939
20,EU,10.9803510329698,long16,62.3392756183769,59.0284363322041
1,NA,0.275115624721756,long17,-31.62777507499,48.3994659268338
2,EU,10.9803510329698,long17,63.1206077302054,55.0616063657413
3,EU,10.9803510329698,long17,95.0764595065905,65.5215611623504
4,AS,30.1355157240119,long17,-67.6092186495998,51.7894482426532
5,ATO,2.78845211338908,long17,81.3813386401504,52.0213997459847
6,ATO,2.78845211338908,long17,95.0931430015868,67.0785300508021
7,ATO,2.78845211338908,long17,52.8981404398195,55.9621327140561
8,EU,10.9803510329698,long17,95.096714898637,51.5166585625587
9,CS,1.07643236311117,long17,72.2311791783423,41.4485629547611
10,ATO,2.78845211338908,long17,18.231468150768,51.7751182539015
11,ATO,2.78845211338908,long17,31.8116571130208,56.5363891499791
12,NA,0.275115624721756,long17,23.7509716067055,67.8236096631183
13,EU,10.9803510329698,long17,27.0021586948574,74.4423148157391
14,AS,30.1355157240119,long17,83.4298631553742,42.2568815672119
15,ATO,2.78845211338908,long17,-9.39431547102723,43.4349913298123
16,MS,0.963089001128358,long17,42.6379918543213,38.0899482415178
17,AS,30.1355157240119,long17,49.3115949390663,30.0775067576793
18,EU,10.9803510329698,long17,57.9868235356556,45.6877731477438
19,ATO,2.78845211338908,long17,16.6523501808665,35.1588481680648
20,EU,10.9803510329698,long17,62.4973249236684,58.1631315127436
1,NA,0.275115624721756,long18,-24.385329449947,48.7500846662012
2,EU,10.9803510329698,long18,66.2532877390889,54.1063614554279
3,EU,10.9803510329698,long18,91.9064712795158,64.8208770536873
4,AS,30.1355157240119,long18,-57.4386667093183,52.6013156333975
5,ATO,2.78845211338908,long18,82.6344758698575,51.3045920045341
6,ATO,2.78845211338908,long18,93.3340073508839,65.7085688269662
7,ATO,2.78845211338908,long18,57.7773123102926,54.8951747295251
8,EU,10.9803510329698,long18,94.9795925940287,51.0211589588678
9,CS,1.07643236311117,long18,73.3273162661431,41.581147098036
10,ATO,2.78845211338908,long18,23.756609821898,51.7887991118463
11,ATO,2.78845211338908,long18,35.5200870491505,56.3497442875624
12,NA,0.275115624721756,long18,34.6748233495603,66.9273978889613
13,EU,10.9803510329698,long18,34.5795271765512,72.961261363711
14,AS,30.1355157240119,long18,83.6378379978328,42.175477968139
15,ATO,2.78845211338908,long18,-5.01287183356721,43.3745041576503
16,MS,0.963089001128358,long18,45.7902522390715,38.511736955124
17,AS,30.1355157240119,long18,50.329966324879,30.5597058497481
18,EU,10.9803510329698,long18,59.8978355127662,45.7792599563146
19,ATO,2.78845211338908,long18,19.5801413060043,35.6085711308244
20,EU,10.9803510329698,long18,62.885007336586,57.2688367707609
1,NA,0.275115624721756,long19,-17.2387819892505,48.9926604446168
2,EU,10.9803510329698,long19,69.2708663682771,53.0609437010565
3,EU,10.9803510329698,long19,89.2076709974873,63.9054981007583
4,AS,30.1355157240119,long19,-46.1280244433163,53.4091831131113
5,ATO,2.78845211338908,long19,83.7258097290708,50.6447971886516
6,ATO,2.78845211338908,long19,91.4713388875934,64.2304027389811
7,ATO,2.78845211338908,long19,62.2234757171387,53.7888785723543
8,EU,10.9803510329698,long19,94.8686103387582,50.5251177794508
9,CS,1.07643236311117,long19,74.3753657134479,41.6780850092587
10,ATO,2.78845211338908,long19,29.3933777448102,51.7580847666238
11,ATO,2.78845211338908,long19,39.7906864755718,56.0860179352068
12,NA,0.275115624721756,long19,45.7394126801804,65.8858216066636
13,EU,10.9803510329698,long19,43.8750856269492,71.3540792691343
14,AS,30.1355157240119,long19,83.7918019639388,42.0539766225218
15,ATO,2.78845211338908,long19,-0.429781050748627,43.3180295062035
16,MS,0.963089001128358,long19,48.9599818586665,38.9261407009416
17,AS,30.1355157240119,long19,51.4377215142812,31.0706080228022
18,EU,10.9803510329698,long19,61.8537970649085,45.8356194646399
19,ATO,2.78845211338908,long19,22.6215120786936,36.133523103849
20,EU,10.9803510329698,long19,63.5352228848138,56.3264618305354
1,NA,0.275115624721756,long20,-10.0538835834971,49.145894524006
2,EU,10.9803510329698,long20,72.1911683024627,51.9464166846183
3,EU,10.9803510329698,long20,87.1422176084606,62.8117991074545
4,AS,30.1355157240119,long20,-34.9132110568087,53.7562435559647
5,ATO,2.78845211338908,long20,84.6031215769001,50.014620481423
6,ATO,2.78845211338908,long20,89.481449605105,62.5414224211208
7,ATO,2.78845211338908,long20,66.0738593204821,52.6660250195202
8,EU,10.9803510329698,long20,94.7214410862171,50.0574217563378
9,CS,1.07643236311117,long20,75.3175619718089,41.7656405607524
10,ATO,2.78845211338908,long20,34.9973680591514,51.6073783739003
11,ATO,2.78845211338908,long20,43.466301133543,55.6852609645515
12,NA,0.275115624721756,long20,55.7684542896148,64.7423653028858
13,EU,10.9803510329698,long20,53.805370254093,69.7515338255627
14,AS,30.1355157240119,long20,83.8958597435735,41.9513211879633
15,ATO,2.78845211338908,long20,4.40045045399088,43.2448451563214
16,MS,0.963089001128358,long20,52.0923897662402,39.2645093545306
17,AS,30.1355157240119,long20,52.6245279890124,31.6040522508213
18,EU,10.9803510329698,long20,63.8064377297484,45.8140519857678
19,ATO,2.78845211338908,long20,25.7736093414543,36.6811389767967
20,EU,10.9803510329698,long20,64.4042285139969,55.3445652268873
1,NA,0.275115624721756,long21,-2.74236143863557,49.2133291134057
2,EU,10.9803510329698,long21,74.7251246933022,50.8528341805463
3,EU,10.9803510329698,long21,85.5419652588573,61.6062862289515
4,AS,30.1355157240119,long21,-24.5937003643739,53.5736107362489
5,ATO,2.78845211338908,long21,85.2998554643404,49.4189404810396
6,ATO,2.78845211338908,long21,87.7140511681288,60.6503448273443
7,ATO,2.78845211338908,long21,69.252945503342,51.5699313422764
8,EU,10.9803510329698,long21,94.5244402838374,49.628504403721
9,CS,1.07643236311117,long21,76.1797052465864,41.8788224307654
10,ATO,2.78845211338908,long21,40.4587051986678,51.3174466155837
11,ATO,2.78845211338908,long21,46.473656198536,55.1675036830366
12,NA,0.275115624721756,long21,61.8106524117951,63.4838790240754
13,EU,10.9803510329698,long21,64.8634111606863,68.1167264526138
14,AS,30.1355157240119,long21,84.0250334813776,41.8986963991067
15,ATO,2.78845211338908,long21,9.44411520153418,43.164757926581
16,MS,0.963089001128358,long21,55.1393534149787,39.5340499649249
17,AS,30.1355157240119,long21,53.9100060828554,32.1998215246083
18,EU,10.9803510329698,long21,65.7168873290947,45.7362348023541
19,ATO,2.78845211338908,long21,29.0547513008658,37.260733013563
20,EU,10.9803510329698,long21,65.430072192957,54.3815154271268
1,NA,0.275115624721756,long22,4.50675995443781,49.2107682863022
2,EU,10.9803510329698,long22,76.5923757102965,49.8575450862976
3,EU,10.9803510329698,long22,84.5252069861824,60.3445682543023
4,AS,30.1355157240119,long22,-14.7763040830031,53.0261527680559
5,ATO,2.78845211338908,long22,85.8692999413071,48.8176330953833
6,ATO,2.78845211338908,long22,86.3873234415725,58.6175152683466
7,ATO,2.78845211338908,long22,71.9164953663128,50.5283454280074
8,EU,10.9803510329698,long22,94.2404182839613,49.1786151205355
9,CS,1.07643236311117,long22,77.0079648736691,41.9753545760597
10,ATO,2.78845211338908,long22,45.7465226912435,50.8939362711903
11,ATO,2.78845211338908,long22,49.3759317471516,54.5795418260525
12,NA,0.275115624721756,long22,65.2620929681154,62.0930599050695
13,EU,10.9803510329698,long22,74.020853617054,66.3833540337126
14,AS,30.1355157240119,long22,84.1771754907017,41.8406300731215
15,ATO,2.78845211338908,long22,14.6354236178272,43.139517386564
16,MS,0.963089001128358,long22,58.0901000789748,39.7505963657727
17,AS,30.1355157240119,long22,55.3460151331088,32.8566104610255
18,EU,10.9803510329698,long22,67.5848635082772,45.6147229893095
19,ATO,2.78845211338908,long22,32.5035943180044,37.8915716398724
20,EU,10.9803510329698,long22,66.608207611854,53.4661810733409
1,NA,0.275115624721756,long23,11.417292359293,49.1201118826996
2,EU,10.9803510329698,long23,78.0285000470415,48.9636024277434
3,EU,10.9803510329698,long23,83.8980322365199,59.0523725755573
4,AS,30.1355157240119,long23,-5.12984042419592,52.2818350728967
5,ATO,2.78845211338908,long23,86.2937883076612,48.1810323826297
6,ATO,2.78845211338908,long23,85.5307121967976,56.5947278857893
7,ATO,2.78845211338908,long23,74.202517287044,49.5040042114158
8,EU,10.9803510329698,long23,93.8112842602928,48.6739913859276
9,CS,1.07643236311117,long23,77.7920313678314,42.0106198499612
10,ATO,2.78845211338908,long23,50.7071437021654,50.3028282068407
11,ATO,2.78845211338908,long23,52.2861884283011,53.9170355052998
12,NA,0.275115624721756,long23,67.9738010312478,60.5377400885264
13,EU,10.9803510329698,long23,78.8409140353627,64.4786485404532
14,AS,30.1355157240119,long23,84.271642959885,41.7527683972684
15,ATO,2.78845211338908,long23,19.9734903867879,43.1881246141365
16,MS,0.963089001128358,long23,60.9338428428336,39.8828190878698
17,AS,30.1355157240119,long23,56.9505350395844,33.521705132669
18,EU,10.9803510329698,long23,69.3916254874626,45.4234428805517
19,ATO,2.78845211338908,long23,36.137819571116,38.5268905853633
20,EU,10.9803510329698,long23,67.9138906740919,52.5664954672088
1,NA,0.275115624721756,long24,18.0106985528845,48.9237749444721
2,EU,10.9803510329698,long24,79.2434172858315,48.1712493846736
3,EU,10.9803510329698,long24,83.63273656171,57.7479012444915
4,AS,30.1355157240119,long24,3.64117929960553,51.6782046368112
5,ATO,2.78845211338908,long24,86.5573680781806,47.5559314845771
6,ATO,2.78845211338908,long24,85.0063797306485,54.7899026491782
7,ATO,2.78845211338908,long24,76.1269723479671,48.4937801949723
8,EU,10.9803510329698,long24,93.256866352142,48.1385749867007
9,CS,1.07643236311117,long24,78.522814788685,42.0246463056542
10,ATO,2.78845211338908,long24,55.2006223773326,49.5381078713258
11,ATO,2.78845211338908,long24,55.1714387519814,53.150741651184
12,NA,0.275115624721756,long24,70.1946860608154,58.8254228569939
13,EU,10.9803510329698,long24,80.5627105514797,62.3742626310226
14,AS,30.1355157240119,long24,84.3016327035412,41.6929833588476
15,ATO,2.78845211338908,long24,25.4172465454528,43.2877806942831
16,MS,0.963089001128358,long24,63.6256595771513,39.927004435055
17,AS,30.1355157240119,long24,58.6777761584951,34.1630699033553
18,EU,10.9803510329698,long24,71.1144395121503,45.1790104715503
19,ATO,2.78845211338908,long24,39.9295179877852,39.1121129009094
20,EU,10.9803510329698,long24,69.2755201001038,51.662681892735
1,NA,0.275115624721756,long25,24.6061985132926,48.6494383942728
2,EU,10.9803510329698,long25,80.3340051743947,47.4881744757727
3,EU,10.9803510329698,long25,83.7326135484275,56.4521391059794
4,AS,30.1355157240119,long25,11.3791076570642,51.5182519566541
5,ATO,2.78845211338908,long25,86.7204241456499,46.9881496226872
6,ATO,2.78845211338908,long25,84.5731556285861,53.3322880101167
7,ATO,2.78845211338908,long25,77.7283747838143,47.5656021734188
8,EU,10.9803510329698,long25,92.706430751129,47.5884559184986
9,CS,1.07643236311117,long25,79.2422205009294,42.0500583255959
10,ATO,2.78845211338908,long25,59.2536754482436,48.6724843406069
11,ATO,2.78845211338908,long25,58.0115061405131,52.3129441163828
12,NA,0.275115624721756,long25,71.977642690219,57.0262418864928
13,EU,10.9803510329698,long25,81.4024554614183,60.1313129526158
14,AS,30.1355157240119,long25,84.3441277942367,41.6826213936372
15,ATO,2.78845211338908,long25,30.9121412300236,43.4567487694819
16,MS,0.963089001128358,long25,66.1274981758406,39.950791694236
17,AS,30.1355157240119,long25,60.4887850401802,34.7947381245789
18,EU,10.9803510329698,long25,72.7824627146663,44.9358712253849
19,ATO,2.78845211338908,long25,43.8285085514279,39.6710698636027
20,EU,10.9803510329698,long25,70.6786122458025,50.7865455740108
1,NA,0.275115624721756,long26,31.3764218578543,48.3032293710871
2,EU,10.9803510329698,long26,81.3506171502051,46.8689204548696
3,EU,10.9803510329698,long26,84.0232038342363,55.1636234050177
4,AS,30.1355157240119,long26,19.091336416269,51.7773060646146
5,ATO,2.78845211338908,long26,86.852761802275,46.4556308934377
6,ATO,2.78845211338908,long26,84.1028400424633,52.1945796054156
7,ATO,2.78845211338908,long26,79.0928930042915,46.7471249640489
8,EU,10.9803510329698,long26,92.2357737817814,46.9948549710961
9,CS,1.07643236311117,long26,79.9657696333001,42.0412345134807
10,ATO,2.78845211338908,long26,62.9296504907025,47.7755601997881
11,ATO,2.78845211338908,long26,60.8287053304879,51.451120275885
12,NA,0.275115624721756,long26,73.3642813174728,55.2294677394302
13,EU,10.9803510329698,long26,81.8886962330945,57.8498592864373
14,AS,30.1355157240119,long26,84.4136465134863,41.6563398090985
15,ATO,2.78845211338908,long26,36.4304713657829,43.7072305398914
16,MS,0.963089001128358,long26,68.4463426356958,40.0002178604171
17,AS,30.1355157240119,long26,62.3843801161137,35.4223283366099
18,EU,10.9803510329698,long26,74.4182044802906,44.6953683256711
19,ATO,2.78845211338908,long26,47.8167028629964,40.216609674836
20,EU,10.9803510329698,long26,72.1547534477798,49.9600281864703
1,NA,0.275115624721756,long27,38.0920563601299,47.8071312668112
2,EU,10.9803510329698,long27,82.272813764042,46.2662750785814
3,EU,10.9803510329698,long27,84.3441214056918,53.8431928210405
4,AS,30.1355157240119,long27,27.0218252350133,52.0414821189113
5,ATO,2.78845211338908,long27,86.9230909334864,45.9393610853643
6,ATO,2.78845211338908,long27,83.7004829776484,51.2164071428583
7,ATO,2.78845211338908,long27,80.2673531176975,46.0184984558672
8,EU,10.9803510329698,long27,91.7863250517229,46.3586985390094
9,CS,1.07643236311117,long27,80.6444835511044,41.9701281532998
10,ATO,2.78845211338908,long27,66.271094716994,46.8714656676947
11,ATO,2.78845211338908,long27,63.6395736983818,50.563662188665
12,NA,0.275115624721756,long27,74.6726958867482,53.4762863944992
13,EU,10.9803510329698,long27,82.3507259168899,55.5964269719522
14,AS,30.1355157240119,long27,84.4499135654,41.5834350333229
15,ATO,2.78845211338908,long27,41.9550059187313,43.9575795309067
16,MS,0.963089001128358,long27,70.612622344648,40.0476547321349
17,AS,30.1355157240119,long27,64.3672961467153,36.0104033186511
18,EU,10.9803510329698,long27,75.9727086451452,44.4244489028625
19,ATO,2.78845211338908,long27,51.8801854737332,40.6613303811513
20,EU,10.9803510329698,long27,73.6923805470304,49.1597316693131
1,NA,0.275115624721756,long28,44.4880106484812,47.0734516315761
2,EU,10.9803510329698,long28,83.0988755742645,45.6925684930631
3,EU,10.9803510329698,long28,84.603015430683,52.4965710374457
4,AS,30.1355157240119,long28,34.8588584659341,51.7952766338123
5,ATO,2.78845211338908,long28,86.9109857557844,45.479395509725
6,ATO,2.78845211338908,long28,83.5643956297698,50.2310378004472
7,ATO,2.78845211338908,long28,81.2757872070575,45.3854934178271
8,EU,10.9803510329698,long28,91.3182976614152,45.7564444174222
9,CS,1.07643236311117,long28,81.2674066885363,41.8893572886999
10,ATO,2.78845211338908,long28,69.3013015210086,45.9852610475673
11,ATO,2.78845211338908,long28,66.4202311448149,49.6552184997713
12,NA,0.275115624721756,long28,76.0350679759237,51.7903643533882
13,EU,10.9803510329698,long28,82.7955342162233,53.4631686504558
14,AS,30.1355157240119,long28,84.4767134441273,41.5209408862839
15,ATO,2.78845211338908,long28,47.4867814437702,44.080901250672
16,MS,0.963089001128358,long28,72.6522685813827,40.0640036915165
17,AS,30.1355157240119,long28,66.4135363397477,36.5384774429988
18,EU,10.9803510329698,long28,77.4070613484753,44.1418490478594
19,ATO,2.78845211338908,long28,55.951482667712,40.9208402475083
20,EU,10.9803510329698,long28,75.2396048366491,48.3971421153201
1,NA,0.275115624721756,long29,50.3370986567396,46.1418293440033
2,EU,10.9803510329698,long29,83.858819585616,45.176103945846
3,EU,10.9803510329698,long29,84.8242548471517,51.1981078144722
4,AS,30.1355157240119,long29,42.1019332003785,50.9327094376651
5,ATO,2.78845211338908,long29,86.9001720008165,45.0861919355146
6,ATO,2.78845211338908,long29,83.7529413086852,49.2424867574497
7,ATO,2.78845211338908,long29,82.17323828711,44.8577258456322
8,EU,10.9803510329698,long29,90.9025159966599,45.2391194980802
9,CS,1.07643236311117,long29,81.885151851099,41.8363284306232
10,ATO,2.78845211338908,long29,72.0605384510563,45.1692789544176
11,ATO,2.78845211338908,long29,69.1594254741346,48.7754952941886
12,NA,0.275115624721756,long29,77.4671825978666,50.2243680092
13,EU,10.9803510329698,long29,83.2512910728531,51.5702842486082
14,AS,30.1355157240119,long29,84.5853567739272,41.4871442652025
15,ATO,2.78845211338908,long29,52.926501028125,44.0061028553681
16,MS,0.963089001128358,long29,74.5784027284101,40.0625019244048
17,AS,30.1355157240119,long29,68.4818940309191,37.0165499261912
18,EU,10.9803510329698,long29,78.7447238505661,43.881919762661
19,ATO,2.78845211338908,long29,59.9455223555734,41.0060887372139
20,EU,10.9803510329698,long29,76.7761673870615,47.7168265964207
1,NA,0.275115624721756,long30,55.6169308665737,45.1339030555756
2,EU,10.9803510329698,long30,84.5365950504669,44.6995244075384
3,EU,10.9803510329698,long30,85.1102993314699,49.9872356153113
4,AS,30.1355157240119,long30,48.2873428354622,49.7766435964475
5,ATO,2.78845211338908,long30,86.9336180672814,44.7019191372602
6,ATO,2.78845211338908,long30,84.1871726810761,48.3539061497257
7,ATO,2.78845211338908,long30,83.0074686471967,44.3954604564501
8,EU,10.9803510329698,long30,90.5593692171855,44.7844825890031
9,CS,1.07643236311117,long30,82.4968644800977,41.7670541589287
10,ATO,2.78845211338908,long30,74.5724691725489,44.4521226555086
11,ATO,2.78845211338908,long30,71.8631806661594,47.9655470932789
12,NA,0.275115624721756,long30,78.9296099476664,48.8060603735895
13,EU,10.9803510329698,long30,83.758631128506,49.9887459590833
14,AS,30.1355157240119,long30,84.7485513206423,41.4218565918003
15,ATO,2.78845211338908,long30,58.0978896097325,43.7039860004949
16,MS,0.963089001128358,long30,76.3817577187576,40.0412156309516
17,AS,30.1355157240119,long30,70.5418960000462,37.4431712554868
18,EU,10.9803510329698,long30,79.9971286514825,43.6241683724971
19,ATO,2.78845211338908,long30,63.7961291477499,40.9416245329934
20,EU,10.9803510329698,long30,78.293030149347,47.1082842041448
1,NA,0.275115624721756,long31,60.5293172702131,44.1147936233721
2,EU,10.9803510329698,long31,85.086474648516,44.250375965108
3,EU,10.9803510329698,long31,85.5006410448244,48.8706845244308
4,AS,30.1355157240119,long31,53.8902918872284,48.5428016046035
5,ATO,2.78845211338908,long31,86.959792475855,44.3059861188408
6,ATO,2.78845211338908,long31,84.7797303624292,47.5824069145061
7,ATO,2.78845211338908,long31,83.762238669428,43.9641801390939
8,EU,10.9803510329698,long31,90.1963114202542,44.3806115918195
9,CS,1.07643236311117,long31,83.0393332246559,41.6559399466053
10,ATO,2.78845211338908,long31,76.8366716585819,43.8160201939816
11,ATO,2.78845211338908,long31,74.4871746667796,47.2071676898209
12,NA,0.275115624721756,long31,80.3322761889099,47.5138404423645
13,EU,10.9803510329698,long31,84.3301848412425,48.7388229386369
14,AS,30.1355157240119,long31,84.8637422621161,41.3149480654146
15,ATO,2.78845211338908,long31,62.9203818720982,43.1510700251546
16,MS,0.963089001128358,long31,78.0326113814668,39.9732662477901
17,AS,30.1355157240119,long31,72.5910619468713,37.7987693445188
18,EU,10.9803510329698,long31,81.1266522643864,43.3497407884622
19,ATO,2.78845211338908,long31,67.426583217832,40.7079884369329
20,EU,10.9803510329698,long31,79.7440184731651,46.5314368314703
1,NA,0.275115624721756,long32,65.1005644570412,43.0982809520618
2,EU,10.9803510329698,long32,85.5132502677673,43.8807933873472
3,EU,10.9803510329698,long32,85.9577088649387,47.8943960450009
4,AS,30.1355157240119,long32,59.2542052582589,47.144883189573
5,ATO,2.78845211338908,long32,86.9636131976372,43.953164381672
6,ATO,2.78845211338908,long32,85.4593678654715,46.898859678351
7,ATO,2.78845211338908,long32,84.4183272489693,43.5901116500304
8,EU,10.9803510329698,long32,89.7986775507995,44.0599342127171
9,CS,1.07643236311117,long32,83.5148598283592,41.5619115496264
10,ATO,2.78845211338908,long32,78.8685696754494,43.2571549421307
11,ATO,2.78845211338908,long32,76.9431394928919,46.5019720115779
12,NA,0.275115624721756,long32,81.6189472921585,46.3749655420762
13,EU,10.9803510329698,long32,84.9773118536013,47.7457100340176
14,AS,30.1355157240119,long32,84.9471069002845,41.2367066314304
15,ATO,2.78845211338908,long32,67.3191991966091,42.4077147148217
16,MS,0.963089001128358,long32,79.5313613029667,39.8879122764846
17,AS,30.1355157240119,long32,74.6393991556904,38.0781257864827
18,EU,10.9803510329698,long32,82.1372756038475,43.1093246700278
19,ATO,2.78845211338908,long32,70.7591368050329,40.3412892988524
20,EU,10.9803510329698,long32,81.0751818793941,46.0109153731219
1,NA,0.275115624721756,long33,69.2933688359876,42.1381838375613
2,EU,10.9803510329698,long33,85.8775258305708,43.6166581965511
3,EU,10.9803510329698,long33,86.4079990461355,47.1010550212691
4,AS,30.1355157240119,long33,64.3767210597939,45.5027945553594
5,ATO,2.78845211338908,long33,87.0021994990999,43.667137583045
6,ATO,2.78845211338908,long33,86.1501795867749,46.3180574442641
7,ATO,2.78845211338908,long33,85.0232264855971,43.2950960836855
8,EU,10.9803510329698,long33,89.4707125398574,43.8160652627098
9,CS,1.07643236311117,long33,83.9871722356919,41.5122183921377
10,ATO,2.78845211338908,long33,80.6911323056855,42.7910576538376
11,ATO,2.78845211338908,long33,79.1983465822627,45.8904238298245
12,NA,0.275115624721756,long33,82.8280154445694,45.4488562783928
13,EU,10.9803510329698,long33,85.6916298265496,46.9352275538703
14,AS,30.1355157240119,long33,85.0856597481924,41.2006012096587
15,ATO,2.78845211338908,long33,71.2199908885708,41.6300792631816
16,MS,0.963089001128358,long33,80.9136282954584,39.828846306871
17,AS,30.1355157240119,long33,76.6551970404531,38.291229090645
18,EU,10.9803510329698,long33,83.090102153099,42.9330168022032
19,ATO,2.78845211338908,long33,73.7815778860056,39.9544604710143
20,EU,10.9803510329698,long33,82.295376486968,45.5947049023591
1,NA,0.275115624721756,long34,73.1133540277436,41.2939399018736
2,EU,10.9803510329698,long34,86.2030054511425,43.3944452069764
3,EU,10.9803510329698,long34,86.7877626433975,46.4257860949716
4,AS,30.1355157240119,long34,69.1910873711015,43.684504170177
5,ATO,2.78845211338908,long34,87.074241907393,43.4049838302051
6,ATO,2.78845211338908,long34,86.7613713821227,45.8229675028469
7,ATO,2.78845211338908,long34,85.5891217156928,43.0361354140957
8,EU,10.9803510329698,long34,89.2298660653549,43.5857790449109
9,CS,1.07643236311117,long34,84.4327739032458,41.4435927509448
10,ATO,2.78845211338908,long34,82.2943395581576,42.3910389560627
11,ATO,2.78845211338908,long34,81.2273660743178,45.3523725368603
12,NA,0.275115624721756,long34,83.9938858093506,44.6943323827811
13,EU,10.9803510329698,long34,86.3938863131417,46.1982481567019
14,AS,30.1355157240119,long34,85.2531859800208,41.1336535719232
15,ATO,2.78845211338908,long34,74.6322331869855,40.928662413246
16,MS,0.963089001128358,long34,82.1640591414902,39.7589730154597
17,AS,30.1355157240119,long34,78.5478952347452,38.4207688099054
18,EU,10.9803510329698,long34,83.985628713889,42.7618320932471
19,ATO,2.78845211338908,long34,76.5094475872234,39.6150138361783
20,EU,10.9803510329698,long34,83.4457438133222,45.2275307623382
1,NA,0.275115624721756,long35,76.5691376608749,40.5817147278973
2,EU,10.9803510329698,long35,86.4553440529104,43.1714915195606
3,EU,10.9803510329698,long35,87.0849331593536,45.7948171092558
4,AS,30.1355157240119,long35,73.6697975875848,41.8862092494928
5,ATO,2.78845211338908,long35,87.1029069626892,43.1578120510437
6,ATO,2.78845211338908,long35,87.2140255072627,45.345203994881
7,ATO,2.78845211338908,long35,86.0657575482693,42.7842527914576
8,EU,10.9803510329698,long35,88.9645053499025,43.3552777804083
9,CS,1.07643236311117,long35,84.7739153094749,41.3330356247572
10,ATO,2.78845211338908,long35,83.6526339006843,42.0242389139144
11,ATO,2.78845211338908,long35,82.9931096444112,44.8551515467027
12,NA,0.275115624721756,long35,85.0575597836405,44.0174309863825
13,EU,10.9803510329698,long35,86.8905400751198,45.4629375626502
14,AS,30.1355157240119,long35,85.3551825769542,41.0241597486826
15,ATO,2.78845211338908,long35,77.5900153902323,40.321303182018
16,MS,0.963089001128358,long35,83.2224980242358,39.6477183852857
17,AS,30.1355157240119,long35,80.2383458701123,38.4674543743531
18,EU,10.9803510329698,long35,84.7616418016472,42.5606556883062
19,ATO,2.78845211338908,long35,78.9580849968641,39.3243733016072
20,EU,10.9803510329698,long35,84.4935833199178,44.841479153267
1,NA,0.275115624721756,long36,79.6730536844181,40.0318908848891
2,EU,10.9803510329698,long36,86.6571276217372,42.9992976091197
3,EU,10.9803510329698,long36,87.3255705875639,45.255226200462
4,AS,30.1355157240119,long36,77.8394081290909,40.4110030176281
5,ATO,2.78845211338908,long36,87.0912622161519,42.9881598187912
6,ATO,2.78845211338908,long36,87.4564471318488,44.8894645057214
7,ATO,2.78845211338908,long36,86.4762025423838,42.5947643440913
8,EU,10.9803510329698,long36,88.6567158208967,43.183772791733
9,CS,1.07643236311117,long36,85.0534871789686,41.2520460746278
10,ATO,2.78845211338908,long36,84.8086654648095,41.7313318887155
11,ATO,2.78845211338908,long36,84.5216697299097,44.4256595707046
12,NA,0.275115624721756,long36,85.9624343771366,43.4057864284799
13,EU,10.9803510329698,long36,87.113478970211,44.842846974212
14,AS,30.1355157240119,long36,85.418653066527,40.9539380883835
15,ATO,2.78845211338908,long36,80.1792382586957,39.8264815578272
16,MS,0.963089001128358,long36,84.1421469703442,39.5671484293261
17,AS,30.1355157240119,long36,81.7679507408151,38.5052406139563
18,EU,10.9803510329698,long36,85.4294003089072,42.3864069636631
19,ATO,2.78845211338908,long36,81.1947858665877,39.0974169654993
20,EU,10.9803510329698,long36,85.3921464320502,44.4816580767613
1,NA,0.275115624721756,long37,82.4451462761764,39.6787983652566
2,EU,10.9803510329698,long37,86.8688178255791,42.8997073605498
3,EU,10.9803510329698,long37,87.5955130113186,44.851731221929
4,AS,30.1355157240119,long37,81.6739000701127,39.4720684215873
5,ATO,2.78845211338908,long37,87.1244747451417,42.9097671338225
6,ATO,2.78845211338908,long37,87.5232971872284,44.51233494217
7,ATO,2.78845211338908,long37,86.8866231945392,42.485718673871
8,EU,10.9803510329698,long37,88.4248498861717,43.0740096032256
9,CS,1.07643236311117,long37,85.3689670236781,41.2168370627096
10,ATO,2.78845211338908,long37,85.8398470945681,41.5459773926221
11,ATO,2.78845211338908,long37,85.8598341011838,44.0810426552077
12,NA,0.275115624721756,long37,86.7052853551816,42.9084588278097
13,EU,10.9803510329698,long37,87.2348846784195,44.4092316930186
14,AS,30.1355157240119,long37,85.5336093397076,40.9295667533032
15,ATO,2.78845211338908,long37,82.4794455799834,39.4685042906217
16,MS,0.963089001128358,long37,85.0284375159988,39.5473769890592
17,AS,30.1355157240119,long37,83.2123085793185,38.563687051937
18,EU,10.9803510329698,long37,86.0545601822467,42.2648375164969
19,ATO,2.78845211338908,long37,83.2587262512845,38.9545972741069
20,EU,10.9803510329698,long37,86.1688394533818,44.1918599219948
1,NA,0.275115624721756,long38,84.7087152596388,39.4581366105419
2,EU,10.9803510329698,long38,87.0602663406193,42.7983492030611
3,EU,10.9803510329698,long38,87.9432088258898,44.518098486797
4,AS,30.1355157240119,long38,84.8772021525824,38.9659525043543
5,ATO,2.78845211338908,long38,87.1929859514662,42.8424703837266
6,ATO,2.78845211338908,long38,87.5138295572776,44.2249945758787
7,ATO,2.78845211338908,long38,87.2376005807184,42.3811571509459
8,EU,10.9803510329698,long38,88.287082627724,42.9408926492922
9,CS,1.07643236311117,long38,85.6735039179404,41.1417067831687
10,ATO,2.78845211338908,long38,86.691106887819,41.3958724449812
11,ATO,2.78845211338908,long38,86.9677028755555,43.773657638063
12,NA,0.275115624721756,long38,87.2599387494335,42.5256257655707
13,EU,10.9803510329698,long38,87.3298858911865,44.0628985197689
14,AS,30.1355157240119,long38,85.6479664701631,40.8526917080282
15,ATO,2.78845211338908,long38,84.3637360205032,39.2052837657213
16,MS,0.963089001128358,long38,85.7843294330645,39.4836464649322
17,AS,30.1355157240119,long38,84.4349854726805,38.5537535988489
18,EU,10.9803510329698,long38,86.5978115828451,42.1225846380745
19,ATO,2.78845211338908,long38,84.9741686620762,38.8209932933073
20,EU,10.9803510329698,long38,86.8291123861141,43.9177487534811
