V1,V2,V3,V4,V5,V6,V7,V8,V9,V10
0.230708932658787,0.350111574625176,-0.137483992054588,-0.142709966387099,0.43867390568938,0.241371218170372,0.337165308634549,0.42477407226016,0.374261722379556,0.276223007056935
0.218809566424804,0.39035313952848,-0.17615851763637,-0.0989099447052884,0.459592275503347,0.255454926981293,0.352930463466217,0.454203185346352,0.394525042772751,0.311637523018993
0.208388307307895,0.430020132184382,-0.18618881192103,-0.0409941171654474,0.472952074373991,0.27034018625333,0.345202244514994,0.470730332484389,0.420106620955159,0.348993847330915
0.216023500829179,0.441078714103289,-0.179680932222145,0.00362042347449829,0.473216812620964,0.286135426606948,0.310838044422574,0.489038735839379,0.435973125953316,0.381592149738591
0.228724824407737,0.443993414385024,-0.166001850307692,0.0353273506702843,0.474592481932087,0.305849906929885,0.273375370054788,0.499993067048324,0.453026381062813,0.404368136514086
0.242001537910198,0.45305921064002,-0.138866173227625,0.0667298111450376,0.478387701709958,0.319542424471398,0.234348370413769,0.484326488748253,0.458596715243685,0.412891293758941
0.268433316874378,0.473568262400709,-0.0892461206454242,0.107671073488629,0.480922501783736,0.328987046907107,0.199417071053127,0.459355507291602,0.462811346246079,0.426810132960341
0.300206372957396,0.492151684270966,-0.0354115671362578,0.153628420709198,0.48237983622784,0.336417103531001,0.173856794851614,0.446155008698065,0.457261471241114,0.453832032748907
0.317308795833232,0.49186924031307,0.0106702909128053,0.177698360939406,0.483943069814291,0.344889190197498,0.15305989890146,0.445896330062904,0.433862597785819,0.471083994567011
0.332557930618805,0.484529973709792,0.0455531157012886,0.183282079098135,0.486456815778493,0.35623484356887,0.13786193416826,0.450505526949892,0.409486912864252,0.464759520446751
0.34168980755905,0.478052871020766,0.06537853897262,0.195197700284945,0.488944148586718,0.361330178167829,0.127478004084254,0.452350384184488,0.392734406286647,0.45056215139097
0.327285674531329,0.46894437056947,0.0911301214832327,0.223548754045168,0.49412794807635,0.372926093868921,0.112935867940913,0.447610594770441,0.375623051405475,0.442183562745401
0.296351588798721,0.442911674029965,0.133257071589213,0.256861544744065,0.496166873591946,0.389838788340223,0.109349962683277,0.450848125789952,0.367390693594384,0.436944959677374
0.283941660385862,0.399705883195071,0.162831092198126,0.276132338666448,0.49269332916575,0.396608787716956,0.120409009477379,0.450690693420315,0.359471230823005,0.435534188724448
0.289614440331486,0.362302056008829,0.180708150872731,0.284352995289229,0.496633210180083,0.405882848787583,0.15689877055675,0.449770226874067,0.347594764546806,0.431391857829107
0.276532751505946,0.333579773371256,0.202177353955734,0.295236778899254,0.505206458664472,0.415527865726388,0.220192333743045,0.457828237153833,0.329592515728408,0.421217686610401
0.244774906422417,0.30863302890025,0.232463839517546,0.311091999836586,0.508159133057729,0.425451920598059,0.280325950716878,0.461416168969524,0.311853194786245,0.419054757908331
0.239781121552131,0.301830453401732,0.263061615321176,0.330352135734462,0.514190435318551,0.447203377782248,0.349221124646854,0.481504727890012,0.313749305998407,0.428200377638756
0.238621646209408,0.299304561980328,0.289302599529465,0.333631185955836,0.520935485463828,0.463477938130699,0.423028314205965,0.504312248936986,0.308392897487659,0.429581897716893
0.222283061062919,0.285529298310624,0.314817874224004,0.322993031330942,0.527281434304014,0.473177729047695,0.476090386398605,0.504807999994072,0.311494360841327,0.41334468258566
0.217647177387282,0.276410635712075,0.336552041974346,0.308740134158437,0.536803073200463,0.48291553522232,0.514359959208404,0.504614232110451,0.324596990979406,0.38965354553457
0.224342803383457,0.276095133574651,0.363756554894617,0.286084603729661,0.546491012552727,0.492782340157795,0.545802923690608,0.511193998185865,0.324245393800105,0.371872332051038
0.220763405532378,0.275198354876462,0.38814556029091,0.250873949170723,0.553378953493015,0.506197712593274,0.570687272842177,0.507355177837032,0.319202505232107,0.353589142246057
0.210165671221369,0.274467439410285,0.408294085105055,0.215755475330538,0.548977554652177,0.509359007924481,0.588986581340179,0.494275371415457,0.315956415229536,0.329536608161396
0.212391397995371,0.273333476660164,0.438330170977975,0.178593128949797,0.540908993666501,0.50571495646838,0.593772906363594,0.472101239490771,0.311454827411179,0.310720363884395
0.22695349491634,0.269775557206343,0.457225385211645,0.126646856697316,0.542032796304487,0.509349347348032,0.589808351744532,0.464890465249833,0.309114054986825,0.292523457041448
0.269529063565373,0.285271036304653,0.470578900257496,0.0795344697229405,0.543261430742945,0.516939003566799,0.576296574774021,0.473733210766506,0.313856279620419,0.275663820352232
0.316549766967014,0.316239973210838,0.506552348378744,0.0524972203465296,0.541231339901357,0.522978928131098,0.54978732343451,0.465265968595971,0.328249634961919,0.26610505788052
0.338823293099906,0.332768742228268,0.545978877569671,0.0332600469595289,0.539425969376771,0.520896790156911,0.509886623808238,0.445087736270058,0.339783125927343,0.260935358293018
0.350884777468582,0.325780143023016,0.582834760741252,0.0153256211684951,0.531238137372292,0.507118278867397,0.450808323955927,0.417286519235812,0.340270365650875,0.253753466651846
0.363705214941796,0.311645333991615,0.605860923784156,-0.0134045379336195,0.519874032683312,0.492021685986666,0.390977864320554,0.394460834728472,0.35235781262398,0.244797267870461
0.385242598757942,0.306682034422295,0.606587755321644,-0.0420096929690984,0.505435674631482,0.475827004207567,0.353074883494101,0.379686676444916,0.354025369828809,0.235478489565536
0.407391415305651,0.302850735186528,0.60525623708728,-0.0296926035702357,0.48873297068704,0.457819597024865,0.331316171272215,0.353932023334355,0.34181446727096,0.227831146108266
0.420569850912932,0.296488452443737,0.59644974525454,0.0112068105638761,0.473271044665176,0.438678541565043,0.304982703884331,0.324828858369088,0.340690114827453,0.221004727910997
0.424449106044621,0.300789910002521,0.589152269306432,0.066387418892075,0.462368177376682,0.419160768318547,0.275863912916739,0.311127136746361,0.339881614648095,0.209927235498519
0.421239350764959,0.298886561589335,0.575692202035776,0.106941487198674,0.459435275952146,0.402745067335173,0.264823642165579,0.302110048277389,0.333253253151333,0.201591830347809
0.417843930032532,0.28617637667506,0.534822521651839,0.142455866606375,0.455713404195445,0.390119463207086,0.26390018018265,0.294134480786859,0.322233536234901,0.195994533358087
0.406627637295873,0.267386142630183,0.495823960211291,0.195081085992688,0.441085112295309,0.378035426159085,0.248703548492317,0.273476401250572,0.301813685347228,0.180108742867133
0.353504654359564,0.228579573740956,0.457458070989193,0.245625964778735,0.42029516137945,0.357812605128263,0.233505298880553,0.238750630402516,0.281128624898011,0.167913602439169
0.300187176514791,0.180990439993517,0.396336075768269,0.271748922296137,0.406934609848414,0.338824893796404,0.22790980947648,0.21069272884415,0.263448340874128,0.166153906663254
0.292804550326817,0.142156150864696,0.31750631435019,0.276289272360288,0.399308127417498,0.326856595976045,0.224527155192213,0.194746721448967,0.239531827795314,0.153860412180341
0.294747263730783,0.112592833507464,0.230014249373057,0.263808469121046,0.392946850355315,0.3159173825989,0.227044253098181,0.187549212286285,0.22036012460599,0.136595978408741
0.283193821050063,0.0778165926797029,0.147139643758275,0.258570104977841,0.389609333854861,0.308181009517287,0.231970759703652,0.174487229552142,0.201417912013193,0.125528273443198
0.250220546313502,0.0419638100453404,0.0751448629750479,0.269818242010004,0.388624223861238,0.304485575549947,0.229282821018014,0.159522779750225,0.18462981093605,0.11964892077524
0.202662855585032,0.00957206533437535,0.0127355250420561,0.255768596276491,0.384205449010086,0.298178744871483,0.21454005163729,0.143875759617489,0.172133241637234,0.111949354399882
0.165024427395044,-0.031518114918336,-0.0370486273744217,0.22332510275892,0.377659753179225,0.288491519393497,0.20124660540038,0.124858052361178,0.148345762552963,0.108714468373013
0.152424361107183,-0.0826010694071378,-0.0748886417590834,0.184190032106439,0.366938449193932,0.276118004585023,0.183311917760701,0.0902042419590173,0.11899251550485,0.110248963382157
0.14987541093996,-0.113769968648865,-0.0861189835755636,0.151139619960735,0.35191842851538,0.264990144875618,0.150313662013911,0.05281315050258,0.0891049905431045,0.110718810691926
0.136645833441596,-0.122325671843413,-0.074523093216731,0.114147234768295,0.337063873214971,0.252339850733759,0.120551754413544,0.0291385851997307,0.0680897103797178,0.113643159476
0.109295853794208,-0.138181575642389,-0.07303994296368,0.0699950847128511,0.31860224016536,0.23091691911451,0.107716000830106,0.00917505410464657,0.0590226834614886,0.12078921585177
0.0877740731378893,-0.1618731395847,-0.09226463042005,0.0401846920784373,0.296543333877943,0.208944046575899,0.0854499509812599,-0.0103305534163286,0.0463068401343678,0.124433300946466
0.080722586317032,-0.177399924710935,-0.113215483843789,0.030448300030318,0.265120802583701,0.185591548283425,0.0438737105592491,-0.0437239210614953,0.0245475310215884,0.123029277421889
0.0596555865070709,-0.195183199361266,-0.115212506104138,0.0309739434398835,0.224349841887863,0.159442363351593,0.00366937764473419,-0.0900042299181033,0.00116431903605907,0.123679200662095
0.0209801075628319,-0.223508495115958,-0.109778070202703,0.0377027254735109,0.184111037010167,0.138647048128909,-0.0357398855308065,-0.145871604594822,-0.026862622942928,0.126456170598046
-0.0137358924279942,-0.244001479467376,-0.0997331343393192,0.0519567166237805,0.146928325702246,0.121427089700272,-0.0739867128535201,-0.201346647443459,-0.0591752914590011,0.129468750372608
-0.0258521568870158,-0.263307558419578,-0.0836457186193051,0.0628727874744563,0.115204982383888,0.105593901308903,-0.103218273936316,-0.247164065334773,-0.0978869544126725,0.129725154412854
-0.0239108457549381,-0.289103905639822,-0.08594184303715,0.0661830935037411,0.0881980069527458,0.0914361613484308,-0.123935963782174,-0.286339070098276,-0.137082025457686,0.130424839062367
-0.0316813284099185,-0.313650434429675,-0.0931099086874413,0.0710698527472261,0.0625119429279548,0.080859790033776,-0.141003927242794,-0.316508159160968,-0.161973603956,0.125555315455688
-0.0354555170109529,-0.340723230508614,-0.106255098454785,0.0769821563015443,0.0403187958016623,0.0705264772477568,-0.147319018263679,-0.328811041450372,-0.183010071148388,0.114678065908895
-0.0155728637808776,-0.369132006841521,-0.140965574626092,0.0844156142224081,0.0179197046906001,0.0503435572058129,-0.149797803262019,-0.347309332679252,-0.210403367342662,0.101972385236811
0.0109088417585714,-0.402669503808512,-0.178140632636921,0.0976313883152189,-0.00783002004600334,0.0295311406758914,-0.159989919359477,-0.387182178402729,-0.243210967386599,0.0871427613208172
0.0555845118796129,-0.41273928433614,-0.198725518521577,0.106601672892611,-0.0332384606747717,0.0170518149703746,-0.171012066620308,-0.430754567582914,-0.273091587045943,0.0744686205455261
0.102903997488735,-0.404144456962458,-0.190295485442515,0.10479664696651,-0.055014646607824,0.00857151307367606,-0.174777540690247,-0.471013036298972,-0.29516528565251,0.0642078868833689
0.129754727478759,-0.403591471740464,-0.176731257302559,0.0957990712185867,-0.0708175617707127,-0.000134314308408003,-0.159754388638849,-0.488806001814135,-0.309907062710263,0.0509333862882266
0.157536967846976,-0.387035841837962,-0.178172587090822,0.0833449093026951,-0.0803895757921794,-0.0106962649957221,-0.126062315399247,-0.487380512167179,-0.318646078166615,0.0409241818049702
0.183383745031999,-0.354597821937983,-0.185069958347492,0.0832357913095584,-0.0872350603107942,-0.022650627187651,-0.0883508205214311,-0.478024139420385,-0.323705020099708,0.0343993833266493
0.216275702884445,-0.317658243142282,-0.189434551770818,0.0938750333919665,-0.0929515090962397,-0.0379150550463595,-0.0569579789305997,-0.46597742148538,-0.330358510070943,0.0228428088220551
0.238859920436356,-0.290595974613397,-0.199337086269768,0.0892799897738419,-0.0997902015098256,-0.0495668594789333,-0.0404944500152241,-0.457810250276132,-0.325569787768192,0.0100559680612826
0.252368284448055,-0.266789091940381,-0.209557201323416,0.0760228419695679,-0.105078301835623,-0.0500354013603989,-0.0314233451867929,-0.440255039979068,-0.317035802604303,0.000326963670682384
0.275261872978475,-0.233308641686447,-0.218692528265418,0.076028737391079,-0.108174689449601,-0.0461915189378831,-0.0232072740969372,-0.413552022532339,-0.320531149106161,-0.00993099315657052
0.283727851539602,-0.189402736997224,-0.221039272752087,0.0920605723574757,-0.108925688618039,-0.0422698034318769,-0.0222527105040085,-0.4027845349577,-0.313574907719777,-0.0186852661215142
0.284282496852637,-0.135556982776579,-0.215836054672597,0.107203135404531,-0.104790201304125,-0.0390035496617727,-0.0157965395362522,-0.392457365564913,-0.292966467943615,-0.0153060071097494
0.294789438547455,-0.0657004335779396,-0.19076433401592,0.121888566121678,-0.0967011766457566,-0.0340338719222034,-0.00705786992881304,-0.355218973602466,-0.265223589595463,-0.00921850070430128
0.29607241042068,0.00506963163554839,-0.14303837948535,0.141937718764024,-0.0838595085613819,-0.0219901015253449,-0.00397767071131655,-0.298677913099558,-0.232693256826424,-0.0121104748561719
0.294001413130071,0.0558754888935636,-0.104356853469423,0.161235323436113,-0.070490200677479,-0.00835845731959498,-0.00106455947212319,-0.242113288575196,-0.201805996679439,-0.0231365189450961
0.276742118528399,0.0836158285997974,-0.0725282766059744,0.175756565886986,-0.0601390158365847,0.00842012007529582,-0.0161695407898137,-0.190009153103083,-0.161452302711863,-0.0317449869563314
0.248330033622678,0.0969316893758125,-0.0375389296607893,0.194545569400362,-0.0502309222020083,0.0277515037274303,-0.0446573520871598,-0.14358493233755,-0.108221369054587,-0.0333064662371439
0.231767544753621,0.101935814834077,0.000971941901497685,0.204505754996466,-0.0410108809191157,0.0431874984829648,-0.0578342595206082,-0.0991237914496476,-0.059114093077474,-0.0339157400813834
0.205741728900274,0.0915713406489355,0.0433593173012,0.182158738581858,-0.0340239245982139,0.0590520299252838,-0.0578125968603552,-0.0541739350490634,-0.0225584267666961,-0.0378242727482557
0.179819694698925,0.0870686933079328,0.097186063491359,0.1490286046433,-0.0293769869472006,0.0679970904403344,-0.041610194011926,-0.0129921358982695,0.000326976271498018,-0.049301207766138
0.160147195097026,0.091584711196387,0.150405522297893,0.131807197109803,-0.0325947589502303,0.0621424191336621,-0.0139192624535061,0.0126542426235578,0.0182168210341569,-0.0555054578367174
0.149809720612791,0.101869735576004,0.196752093091985,0.110374964768979,-0.0392255057029483,0.0498957979624553,0.0131398535563444,0.0236396970604219,0.0421184401734127,-0.051325591257698
0.156894057797098,0.11229692612253,0.236389558590822,0.079214363377234,-0.0484591627471965,0.0421563998848007,0.0383318337616125,0.0366695095204294,0.0613767914996171,-0.0485743282961885
0.167860797497773,0.105058950676497,0.287285600577943,0.0571955528276672,-0.0671771603107028,0.0413154455150591,0.0490224198277919,0.0530298982691453,0.0766719712609143,-0.0569451815122134
0.162172964353248,0.0783848182346123,0.330636759383381,0.0462952106140447,-0.0882973205368136,0.0372268787118921,0.059116070967538,0.0597157301957112,0.0897967899793131,-0.0683029221259375
0.123821599736503,0.0317311466744445,0.337456865978682,0.0490212729405609,-0.107695624467029,0.0251280018416828,0.0739011354355335,0.0532216112243715,0.100449544168106,-0.0726453951193982
0.0680479195119331,-0.0171696996396832,0.32550591365666,0.0502397383461244,-0.127230318181952,0.00615900001080391,0.081336585407518,0.0378233995866341,0.109224590638639,-0.073980458195221
0.0365152152188201,-0.048914448923262,0.304963071155265,0.0498403247248414,-0.145524163821533,-0.0207901849075935,0.0922279720953032,0.0101742402441742,0.100479112610264,-0.075220838678363
0.0246078511507679,-0.0625011538131282,0.287636125213046,0.0417590342566877,-0.15989980072565,-0.0460124073361994,0.0998924248853961,-0.0194767823378394,0.0773185732275077,-0.0790419375871394
0.012245701623809,-0.0590413887050655,0.274624618906551,0.0275075574616622,-0.169040504701493,-0.0636915975556704,0.0871165966775698,-0.0461304258627308,0.0597917961436915,-0.082757719126641
0.0120951758773921,-0.0392799003875668,0.257573481711268,0.0364689759855161,-0.175677279595451,-0.0781715714711967,0.0646304095375654,-0.0650288302783576,0.0581804747568182,-0.0821693723669136
0.0168970593154227,-0.0205472036800458,0.23596085127367,0.0674349701144463,-0.184221579374614,-0.0922104544458864,0.0339803149080684,-0.0814407105588545,0.0546426253871033,-0.0753847187248916
0.0140245661973604,-0.011863833528675,0.218488480191,0.088152905540712,-0.193529932941894,-0.105884221810622,0.00258989961202629,-0.0905076493650371,0.0475976254879356,-0.0742621357671724
-0.00539710313679571,-0.0196455863079321,0.192253421398993,0.094572086150241,-0.200206386046438,-0.115380838941569,-0.0223472591767561,-0.0937855608529491,0.0459473292647138,-0.083116461553763
-0.0350932992938057,-0.0433033466952556,0.154655468466169,0.085057404836759,-0.205314460908544,-0.127123965550834,-0.0401626190046774,-0.0975073495287512,0.037605762228875,-0.0909097951739718
-0.0717653895497044,-0.0597514248086888,0.0938074856194106,0.0800740275587561,-0.202624305998094,-0.136363810331078,-0.0422684453894017,-0.0874413247323908,0.0259373252548921,-0.0894947780185165
-0.112095020889456,-0.0715859764014955,0.0126337779037863,0.0806436690912686,-0.196092792272854,-0.139302222827659,-0.0481302507779178,-0.0829729875523466,0.00649111038606425,-0.0816289758810879
-0.138440417197512,-0.067838717797759,-0.0509689629845287,0.0508326178872472,-0.196660185034294,-0.147947242753139,-0.0644186529992722,-0.0910187733641382,-0.0197997075723672,-0.076480075699949
-0.141865175687476,-0.0417669167162482,-0.0928745606828005,0.0136800595080716,-0.195282305780727,-0.151767885406424,-0.0715687543388842,-0.0819209089682126,-0.0448984590768777,-0.0703435897951279
-0.128134955121981,-0.0107366023563132,-0.13255574111144,-0.0120203641559817,-0.189919353723627,-0.147031784546384,-0.0738387937366074,-0.0637615323353226,-0.0655397700554326,-0.067153857302882
-0.118884111192036,0.01261839529211,-0.172103204982935,-0.0169742397030694,-0.192345816151867,-0.150899573730073,-0.0756847299475051,-0.055845318962039,-0.0827753785299414,-0.071399738448565
-0.1260877875789,0.0289013724285198,-0.197424033443706,-0.0076146450496176,-0.202021031449139,-0.161976592885274,-0.0702079604489916,-0.0581085262760439,-0.103432063228917,-0.0817500968944746
-0.139194716422137,0.0299881431849446,-0.231778085974206,-0.00809341555685756,-0.212799304150864,-0.171387666631575,-0.0674578248961577,-0.0694153042111347,-0.124157348099448,-0.0865438307219075
-0.144496875281412,0.0289704372061144,-0.285339013513383,-0.0183194462568791,-0.222964749511585,-0.181289428747468,-0.0648275133083233,-0.0746222935646365,-0.137431787027323,-0.0729633528672729
-0.14780589151013,0.0346604628643384,-0.336596746021244,-0.020559401934648,-0.226088344130305,-0.185312226512201,-0.0595162247684696,-0.0778895909480494,-0.150948726768239,-0.0567931522382819
-0.152584996120441,0.041456237705055,-0.36962586177912,0.00181156247514587,-0.224319944163204,-0.186239643149397,-0.0554044430267366,-0.0831563061602018,-0.166659321394959,-0.0440638135038996
-0.159352835211157,0.0541117132423583,-0.384779882082123,0.0585346624478037,-0.2268322584609,-0.193931679564043,-0.0579316576079878,-0.0880285626621174,-0.17808674361286,-0.0294016352321815
-0.165699656227418,0.0642435553833989,-0.393412244678356,0.0978107405400622,-0.231375767886347,-0.211435272566691,-0.0766317304447199,-0.118866643791858,-0.191202838324507,-0.0238303784700096
-0.164098355955091,0.0905799481753892,-0.388933565818724,0.115953129769159,-0.231130932314139,-0.232355288212341,-0.096159731065564,-0.150011490882458,-0.190243950986681,-0.022291818213144
-0.146220965729157,0.1141077290654,-0.381337210454619,0.140180940282293,-0.222798629442144,-0.244084776486806,-0.109025418202541,-0.166119333952626,-0.188046242836882,-0.0110633709397717
-0.139181575215222,0.114310203321043,-0.374625862716433,0.161359967931621,-0.219618817408594,-0.257868768346133,-0.127185093330204,-0.201946934755242,-0.197377639827164,-0.00210510289205152
-0.164001928106356,0.106540864554219,-0.342600711117098,0.194829642176987,-0.224612474392076,-0.275314083516149,-0.137302206014883,-0.236890196580567,-0.204531017717716,-8.25130086978477e-06
-0.181968524473239,0.0986311142697372,-0.310303725265207,0.225737934152723,-0.225232816440732,-0.287004468471491,-0.136165349860564,-0.254412218820573,-0.209110672947168,1.66969148787951e-05
-0.177584631312346,0.0891909197173886,-0.299455512010195,0.2379382898051,-0.22137596884835,-0.293781955842898,-0.140956898765601,-0.270923078888169,-0.205465517921572,0.00592713745799483
-0.186849095657946,0.0765055721270116,-0.285623517959863,0.23576562937349,-0.218396226434004,-0.2986948509229,-0.148077195794115,-0.293350716676825,-0.19147119818774,0.0218665500509491
-0.203255978804174,0.0732508248534744,-0.244700207581639,0.245320580342986,-0.214761885813442,-0.295172040849132,-0.156615274878541,-0.315130564239952,-0.182330508030398,0.0146806839634087
-0.202375482482277,0.083805301467128,-0.180941064478112,0.26729378335819,-0.211727511998539,-0.284835983451988,-0.172271496972643,-0.329530450845485,-0.175850208362694,-0.0121865403840601
-0.205788902747717,0.0845108222477152,-0.134252846961777,0.259318044391242,-0.216867354016305,-0.278184486885789,-0.192154750544686,-0.349485811906206,-0.1682249301049,-0.0315006338368061
-0.227958771203658,0.0724965563852343,-0.110973944820002,0.22481427339833,-0.223716514501464,-0.271430910961231,-0.209031815896644,-0.375914884038171,-0.165133221682578,-0.0456299338973988
-0.266952697052236,0.0430458462810907,-0.0957867842245484,0.204061413308363,-0.228134151963052,-0.261334347718296,-0.220827938119185,-0.387312003029167,-0.165019074752908,-0.0545535421187784
-0.291861400135573,-0.0143533840230642,-0.103789814740094,0.186145813611552,-0.232356856699758,-0.252561239205825,-0.237082832438446,-0.397878546464654,-0.183807098231195,-0.0703412389218553
-0.309366232304063,-0.0809557155832542,-0.130979218070086,0.16566820970559,-0.242554387584434,-0.249723147648441,-0.258657455803527,-0.4103456856571,-0.201356014667202,-0.0957032374464153
-0.336352383657154,-0.137532238464156,-0.155315083802789,0.149665620886499,-0.257970101371718,-0.247380757179143,-0.277566072412358,-0.399155336107971,-0.194943170927785,-0.114097171946404
-0.341879679488301,-0.190694743152657,-0.198217041331544,0.110184226950078,-0.266997087208904,-0.246423887504268,-0.295380226698362,-0.391689619256865,-0.192883704832346,-0.124206102131064
-0.353092182543974,-0.256892107610049,-0.236773122115004,0.0573839894908661,-0.277278747108074,-0.250105921110023,-0.306435136756562,-0.398827901026958,-0.195255046199993,-0.127339735404757
-0.392515903801996,-0.321107083252154,-0.252284990885173,0.0171805968132953,-0.294597649071003,-0.259758520909157,-0.306409376945256,-0.395531665232334,-0.195811434269718,-0.133531049155828
-0.418430268927914,-0.365770520679481,-0.25715551585894,-0.00911118903748608,-0.313422239995608,-0.274770030378148,-0.306639423327556,-0.386784335578465,-0.215549310706678,-0.159701848082623
-0.430360985419733,-0.412637140053637,-0.265440594039355,-0.0540831311542617,-0.332617181501595,-0.292819373526273,-0.315687472737876,-0.39236982169589,-0.238259439925525,-0.183437211363843
-0.430834749453555,-0.462432373727262,-0.289157626675833,-0.117768972441078,-0.353182628193658,-0.319953711094252,-0.325891297767454,-0.417869932361618,-0.266687541533898,-0.194144548111853
-0.430564287978949,-0.493455616074907,-0.30300815975619,-0.168589643466128,-0.367482532740935,-0.351065898394442,-0.327136070742307,-0.42985376196761,-0.304106848069919,-0.198463605320978
-0.425759654802169,-0.507848315729034,-0.301836090193798,-0.227531797854348,-0.372344985870038,-0.376348030271157,-0.318758318564422,-0.404039568599698,-0.333464545790101,-0.199277786291639
-0.405947083308656,-0.501357689462634,-0.290115917447953,-0.298062542585046,-0.378114837278789,-0.395678668973425,-0.307894662214304,-0.371131155299195,-0.362412908691488,-0.208444850122887
-0.411000283073113,-0.479779222968132,-0.25487997937155,-0.349711406317222,-0.389557303367148,-0.407325945971686,-0.303268200236879,-0.34473148153856,-0.388086762179011,-0.21987487026191
-0.414806473475331,-0.440114814561239,-0.195804143120786,-0.382434701725641,-0.406184382761001,-0.41802992271735,-0.301956371911543,-0.325908351742779,-0.409569523078017,-0.235106116601913
-0.395410007555696,-0.392764743865657,-0.147526588131474,-0.419096145348435,-0.421068986970532,-0.437674136006701,-0.291120668386008,-0.332266094648533,-0.44097927394119,-0.251806306594759
-0.395421621550335,-0.347467805553688,-0.105715048062676,-0.466149738557995,-0.435574655686245,-0.457295194949817,-0.273156448438799,-0.334702409536881,-0.471709016048863,-0.266576752583902
-0.417884348797843,-0.299526114103144,-0.0591468520116997,-0.504373221499131,-0.445232725464822,-0.463170929377739,-0.259958207917184,-0.305157377263434,-0.503137689721879,-0.285775187032306
-0.423439260983841,-0.254119009997701,-0.0303460075875726,-0.533716233199849,-0.446621046506985,-0.460746207945502,-0.250570909485325,-0.273838641776522,-0.534576769162322,-0.298817884320178
-0.40596902364357,-0.199991766616339,-0.0220163225996452,-0.565376393167038,-0.445531847579313,-0.457798770979353,-0.234537692804491,-0.254784216566442,-0.537188653753921,-0.302681660450012
-0.387999445146806,-0.136863454482165,-0.0335583419418698,-0.594412139657209,-0.444635563321452,-0.460067221920807,-0.203063878145985,-0.226351032367479,-0.532507588988785,-0.309224658681457
-0.38917089979076,-0.0705654165284274,-0.0489781389865329,-0.617712331677449,-0.44402635727062,-0.463514426534031,-0.176948745027233,-0.195906036939318,-0.505027834700339,-0.317030717519422
-0.382354534286202,-0.00730696033778071,-0.0479174600478621,-0.625449766347653,-0.437407454949693,-0.459216602627011,-0.153961240816333,-0.15699843110611,-0.442995430741522,-0.333299296588612
-0.368787023853263,0.0309314696402405,-0.0437512171495807,-0.618080467169789,-0.430373031279815,-0.454689199732799,-0.126999972837427,-0.1159315889192,-0.375267842930771,-0.359172118141079
-0.366498616756166,0.0339688817699853,-0.0576311891664349,-0.620100251227017,-0.432589166907332,-0.464375403640598,-0.111580808150007,-0.100218736344654,-0.30015005881013,-0.380634341458213
-0.358822699637692,0.0380354247859741,-0.0828079616926343,-0.642208332627677,-0.435864444072039,-0.477021071868902,-0.104473958140553,-0.0860044798657497,-0.218834898956097,-0.39649675135026
-0.376764123725281,0.0374413866259216,-0.107741734922247,-0.666033529644176,-0.424862309318102,-0.467603386279919,-0.101483003396947,-0.0476018942111135,-0.148871562089471,-0.404802351644745
-0.393186603029726,0.0246187254213758,-0.123601674469374,-0.666368814044164,-0.411199229830952,-0.445088101857319,-0.113286556473912,-0.00544536661806691,-0.110928122494228,-0.414159785103798
-0.360836541208637,0.0209838049880254,-0.134646099634033,-0.64962270606384,-0.408005212379565,-0.426388418889277,-0.140232226054045,0.0143982635543246,-0.0836378506779586,-0.423338082245655
-0.290566827086977,0.0188369933667289,-0.153776104756309,-0.645275538323149,-0.41146760972602,-0.414095581744913,-0.162335171116879,0.0188132939656851,-0.0377234059561239,-0.426613722478173
-0.238934009682859,0.0107371883105288,-0.15780213020981,-0.639587207093904,-0.412773141006717,-0.402162030268253,-0.190031037341301,0.0198655482070215,0.00996970925202147,-0.443904322364865
-0.247179883609229,-0.0221372796325384,-0.154074298055369,-0.624957116804399,-0.413536962837693,-0.389141099226733,-0.225236418378326,0.0356465956622381,0.0402600337486577,-0.469418910206473
-0.268498255749642,-0.0783298894182091,-0.149305376061131,-0.58979683885466,-0.412379558511346,-0.373273092495322,-0.254923148513474,0.0647315844761397,0.0651689134488165,-0.480222370051406
-0.267745136133878,-0.131677683188158,-0.117857908306771,-0.531395625996556,-0.399657029973144,-0.342993930075118,-0.277033910667104,0.114268055903164,0.0818060870634889,-0.487752129079423
-0.248874752989136,-0.168415829819154,-0.0778777830286915,-0.478020822042829,-0.388477248995307,-0.306461700092865,-0.306782731806477,0.14897709326308,0.0785069684228771,-0.494394470912054
-0.21445061676229,-0.197774883053494,-0.0476880597746078,-0.430019546660144,-0.385388442865871,-0.273061412351584,-0.352562304287567,0.140718220110663,0.0516041494095777,-0.492411893859572
-0.204685788237064,-0.216481470183104,-0.0199738748193157,-0.366993346259157,-0.383843534326659,-0.232114808329031,-0.384903741835575,0.168518974522916,0.0577189396107382,-0.491125336333318
-0.250703234384731,-0.250119483888817,-0.00922494352346028,-0.296430779825025,-0.393300945247099,-0.196728478625241,-0.400305924794163,0.229990036808319,0.0908583115741717,-0.506696908373846
-0.300039438559126,-0.296808245675957,-0.028320366585624,-0.244719853981611,-0.413577213496478,-0.185832522203393,-0.406227093636406,0.270557703808684,0.103211154472127,-0.526419983663414
-0.348096577509681,-0.329545730347581,-0.0630382843294316,-0.217374141037383,-0.423638050047126,-0.18290625990963,-0.39199302572872,0.321219084008875,0.127303486013404,-0.528916005432989
-0.429987020351596,-0.370915835527924,-0.0896902455306365,-0.200306379060842,-0.421024354780242,-0.176308086987974,-0.368418501637159,0.398601867770721,0.167953065985524,-0.525652095656777
-0.522159438295334,-0.412286661691484,-0.10143009942675,-0.160080392855563,-0.417089224594599,-0.177111685008748,-0.362376038791542,0.456263826098228,0.187653781201919,-0.52030761793481
-0.575550893955379,-0.449875803808411,-0.12289429580775,-0.12577088526359,-0.414765956006307,-0.180976266457497,-0.359403065418803,0.507585689653973,0.201670971725375,-0.507145193977952
