"","tws_sumt","tws_sumt","tws_sumt","tws_sumt","tws_sumt","tws_sumt","tws_sumt","tws_sumt","tws_sumt","tws_sumt","tws_sumt","tws_sumt","tws_sumt","tws_sumt","tws_sumt","tws_sumt","tws_sumt","tws_sumt","tws_sumt"
"1",NA,NA,NA,NA,NA,NA,NA,NA,NA,NA,NA,NA,NA,NA,NA,NA,NA,NA,NA
"2",NA,NA,NA,NA,NA,NA,NA,NA,NA,NA,NA,NA,NA,NA,NA,NA,NA,NA,NA
"3",NA,NA,NA,NA,NA,NA,NA,NA,NA,NA,NA,NA,NA,NA,NA,NA,NA,NA,NA
"4",NA,NA,NA,NA,NA,NA,NA,NA,NA,NA,NA,NA,NA,NA,NA,NA,NA,NA,NA
"5",NA,NA,NA,NA,NA,NA,NA,NA,NA,NA,NA,NA,NA,NA,NA,NA,NA,NA,NA
"6",NA,NA,NA,NA,NA,NA,NA,NA,NA,NA,NA,NA,NA,NA,NA,NA,NA,NA,NA
"7",0.0651185328951495,0.144288070478568,-0.144202707053996,0.230708932658787,-0.00212990483582204,-0.327754474233778,0.350111574625176,-0.137483992054588,-0.142709966387099,0.43867390568938,0.241371218170372,0.200438671172626,0.337165308634549,0.42477407226016,0.100291403495355,-0.311196128908431,0.374261722379556,-0.499574106946947,0.276223007056935
"8",0.061440524533957,0.115871679832495,-0.19832812961451,0.218809566424804,-0.110022640323176,-0.371506605191442,0.39035313952848,-0.17615851763637,-0.0989099447052884,0.459592275503347,0.255454926981293,0.177054603333028,0.352930463466217,0.454203185346352,0.0634814107623545,-0.288244983079756,0.394525042772751,-0.522850316821517,0.311637523018993
"9",0.0475522117836438,0.0960970017491052,-0.230333439454677,0.208388307307895,-0.17746961194896,-0.396827638972741,0.430020132184382,-0.18618881192103,-0.0409941171654474,0.472952074373991,0.27034018625333,0.163156594070227,0.345202244514994,0.470730332484389,0.0193804736804058,-0.268547372419295,0.420106620955159,-0.529140964021298,0.348993847330915
"10",0.050847164927901,0.114577508003808,-0.248375059107536,0.216023500829179,-0.193410683676666,-0.441718788101654,0.441078714103289,-0.179680932222145,0.00362042347449829,0.473216812620964,0.286135426606948,0.168850571711933,0.310838044422574,0.489038735839379,-0.0065645603746776,-0.275492589577078,0.435973125953316,-0.528301329870826,0.381592149738591
"11",0.063503436559689,0.134567478589925,-0.247400353787581,0.228724824407737,-0.192056880263186,-0.490795318645198,0.443993414385024,-0.166001850307692,0.0353273506702843,0.474592481932087,0.305849906929885,0.187950953921255,0.273375370054788,0.499993067048324,-0.0182298304186662,-0.287410263824735,0.453026381062813,-0.510146650168856,0.404368136514086
"12",0.0778299156346254,0.142773615208144,-0.252657823520477,0.242001537910198,-0.178842547565345,-0.525628730569955,0.45305921064002,-0.138866173227625,0.0667298111450376,0.478387701709958,0.319542424471398,0.191232765408126,0.234348370413769,0.484326488748253,-0.0385130433718687,-0.310035178598087,0.458596715243685,-0.48844397111935,0.412891293758941
"13",0.106206812305389,0.15549623494964,-0.259794217658019,0.268433316874378,-0.134256426170842,-0.529862270110612,0.473568262400709,-0.0892461206454242,0.107671073488629,0.480922501783736,0.328987046907107,0.187031107025901,0.199417071053127,0.459355507291602,-0.0671236084349962,-0.313846539632271,0.462811346246079,-0.461056612491852,0.426810132960341
"14",0.137900234054597,0.177704558740251,-0.24915130307702,0.300206372957396,-0.0641279084314163,-0.505833589934373,0.492151684270966,-0.0354115671362578,0.153628420709198,0.48237983622784,0.336417103531001,0.185765530137042,0.173856794851614,0.446155008698065,-0.0921339248531017,-0.297663858788617,0.457261471241114,-0.431992259303454,0.453832032748907
"15",0.154923754473135,0.199110342402951,-0.226783551213497,0.317308795833232,0.0112961035586542,-0.465179144746515,0.49186924031307,0.0106702909128053,0.177698360939406,0.483943069814291,0.344889190197498,0.186129269197147,0.15305989890146,0.445896330062904,-0.101580427454859,-0.305004646317388,0.433862597785819,-0.405278623764644,0.471083994567011
"16",0.164441708748332,0.222558968246001,-0.165345518186286,0.332557930618805,0.0772905853471829,-0.413988486581006,0.484529973709792,0.0455531157012886,0.183282079098135,0.486456815778493,0.35623484356887,0.195066724712366,0.13786193416826,0.450505526949892,-0.091871708967825,-0.316178465996157,0.409486912864252,-0.369181848938645,0.464759520446751
"17",0.165732604421406,0.233733865993497,-0.107612550574125,0.34168980755905,0.120457668723535,-0.361799802890476,0.478052871020766,0.06537853897262,0.195197700284945,0.488944148586718,0.361330178167829,0.217123944364406,0.127478004084254,0.452350384184488,-0.0703387245576595,-0.300389874066103,0.392734406286647,-0.334292608962184,0.45056215139097
"18",0.136949340122385,0.206557963328661,-0.0870172505161593,0.327285674531329,0.131011366023917,-0.319778821486506,0.46894437056947,0.0911301214832327,0.223548754045168,0.49412794807635,0.372926093868921,0.2543905322693,0.112935867940913,0.447610594770441,-0.0459813969678697,-0.289217639679188,0.375623051405475,-0.300880193996457,0.442183562745401
"19",0.089215487851573,0.168241723916532,-0.032032043613027,0.296351588798721,0.122710677975129,-0.264898663395654,0.442911674029965,0.133257071589213,0.256861544744065,0.496166873591946,0.389838788340223,0.292349549644463,0.109349962683277,0.450848125789952,-0.0212132728681714,-0.28415033496472,0.367390693594384,-0.261968317214967,0.436944959677374
"20",0.0474473898801348,0.133681842476096,0.0114253437366376,0.283941660385862,0.108165045889843,-0.232257549360285,0.399705883195071,0.162831092198126,0.276132338666448,0.49269332916575,0.396608787716956,0.319895813570802,0.120409009477379,0.450690693420315,-0.00326727712780106,-0.280170068951992,0.359471230823005,-0.231146392491091,0.435534188724448
"21",0.00438343473556903,0.0898077296032284,0.00488773551447957,0.289614440331486,0.0848939394371248,-0.247303288551695,0.362302056008829,0.180708150872731,0.284352995289229,0.496633210180083,0.405882848787583,0.354283116995949,0.15689877055675,0.449770226874067,0.0153638073546,-0.262008957992502,0.347594764546806,-0.217522066140162,0.431391857829107
"22",-0.0619532019825468,0.0266882580380669,-0.00228464791245079,0.276532751505946,0.0492329092019065,-0.246437742318431,0.333579773371256,0.202177353955734,0.295236778899254,0.505206458664472,0.415527865726388,0.381003882327388,0.220192333743045,0.457828237153833,0.0345157372907374,-0.238579621156378,0.329592515728408,-0.21923518962207,0.421217686610401
"23",-0.136344778151985,-0.0378991430071459,-0.00544075460124059,0.244774906422417,0.0191666997293861,-0.234476250431371,0.30863302890025,0.232463839517546,0.311091999836586,0.508159133057729,0.425451920598059,0.39457434476211,0.280325950716878,0.461416168969524,0.0392128184197864,-0.202925691852243,0.311853194786245,-0.23481509982232,0.419054757908331
"24",-0.183871424557203,-0.0822061970334516,0.00794418448825571,0.239781121552131,0.00256979417519355,-0.197808308174377,0.301830453401732,0.263061615321176,0.330352135734462,0.514190435318551,0.447203377782248,0.411110788841489,0.349221124646854,0.481504727890012,0.0489156068504436,-0.146937775557194,0.313749305998407,-0.246056315294222,0.428200377638756
"25",-0.223801289353756,-0.121182419002005,0.0231841877067051,0.238621646209408,-0.0241318960928272,-0.181677685075409,0.299304561980328,0.289302599529465,0.333631185955836,0.520935485463828,0.463477938130699,0.418748090133172,0.423028314205965,0.504312248936986,0.0698489735986119,-0.113396017534936,0.308392897487659,-0.261610589687201,0.429581897716893
"26",-0.259892743516481,-0.164544270665768,0.00363526592727808,0.222283061062919,-0.0410141106786413,-0.150917241064716,0.285529298310624,0.314817874224004,0.322993031330942,0.527281434304014,0.473177729047695,0.417828301740578,0.476090386398605,0.504807999994072,0.085772725959087,-0.0707240140921537,0.311494360841327,-0.269997684091133,0.41334468258566
"27",-0.29033960007279,-0.211513767642587,-0.0281030292722751,0.217647177387282,-0.0292675116671843,-0.101253234137481,0.276410635712075,0.336552041974346,0.308740134158437,0.536803073200463,0.48291553522232,0.412492012460808,0.514359959208404,0.504614232110451,0.0968858122093843,-0.0157888095526411,0.324596990979406,-0.267022326701398,0.38965354553457
"28",-0.307319584278818,-0.246945346844465,-0.0187561099767285,0.224342803383457,-0.0097643337742233,-0.101780216967884,0.276095133574651,0.363756554894617,0.286084603729661,0.546491012552727,0.492782340157795,0.395163903251523,0.545802923690608,0.511193998185865,0.100094859322999,0.02130241655804,0.324245393800105,-0.271826859370545,0.371872332051038
"29",-0.322201075522436,-0.278222579575019,-0.00476439204711894,0.220763405532378,-0.018524993630415,-0.108570340992182,0.275198354876462,0.38814556029091,0.250873949170723,0.553378953493015,0.506197712593274,0.36171866175706,0.570687272842177,0.507355177837032,0.0876978281405811,0.0521647264264105,0.319202505232107,-0.272098380530949,0.353589142246057
"30",-0.33231781339539,-0.295023186885529,-0.00331775415933122,0.210165671221369,-0.0369228729307084,-0.120267371215971,0.274467439410285,0.408294085105055,0.215755475330538,0.548977554652177,0.509359007924481,0.310537579242342,0.588986581340179,0.494275371415457,0.0679534122782087,0.0823890998478881,0.315956415229536,-0.269311331459344,0.329536608161396
"31",-0.330793656700012,-0.298325705622375,0.00131979884028857,0.212391397995371,-0.0308930255985277,-0.174386252895636,0.273333476660164,0.438330170977975,0.178593128949797,0.540908993666501,0.50571495646838,0.25559942033092,0.593772906363594,0.472101239490771,0.0417629338763457,0.107420347961277,0.311454827411179,-0.276647976590403,0.310720363884395
"32",-0.312538050877791,-0.291545037909866,0.0168731532862452,0.22695349491634,-0.0214592914829148,-0.227613384077643,0.269775557206343,0.457225385211645,0.126646856697316,0.542032796304487,0.509349347348032,0.206233360040252,0.589808351744532,0.464890465249833,0.0222808954375723,0.130924668951725,0.309114054986825,-0.284119846704991,0.292523457041448
"33",-0.278170191193865,-0.273249858827774,0.0192316359207858,0.269529063565373,0.0100719089465011,-0.260238368878253,0.285271036304653,0.470578900257496,0.0795344697229405,0.543261430742945,0.516939003566799,0.156831639263285,0.576296574774021,0.473733210766506,0.00684342980571765,0.151025398035883,0.313856279620419,-0.281265349362086,0.275663820352232
"34",-0.238532556380557,-0.254329240161669,-0.0159557260249951,0.316549766967014,0.0740594347133961,-0.257553842825623,0.316239973210838,0.506552348378744,0.0524972203465296,0.541231339901357,0.522978928131098,0.113956888082579,0.54978732343451,0.465265968595971,-0.019504945536997,0.178597777362108,0.328249634961919,-0.271186770110491,0.26610505788052
"35",-0.207260255204191,-0.245228605005248,-0.0414710436482472,0.338823293099906,0.110950184253884,-0.237979995994733,0.332768742228268,0.545978877569671,0.0332600469595289,0.539425969376771,0.520896790156911,0.080834686848903,0.509886623808238,0.445087736270058,-0.0418877105491098,0.187902213516391,0.339783125927343,-0.261275418449261,0.260935358293018
"36",-0.200000776811285,-0.256618810253727,-0.069270132313676,0.350884777468582,0.133432923129807,-0.252605822680034,0.325780143023016,0.582834760741252,0.0153256211684951,0.531238137372292,0.507118278867397,0.0530823503773869,0.450808323955927,0.417286519235812,-0.0580133373595331,0.178313534027777,0.340270365650875,-0.254436672227088,0.253753466651846
"37",-0.194102610454019,-0.264199775968575,-0.0891512667201887,0.363705214941796,0.152870096647185,-0.273435232752364,0.311645333991615,0.605860923784156,-0.0134045379336195,0.519874032683312,0.492021685986666,0.02482234858829,0.390977864320554,0.394460834728472,-0.0706409491732724,0.178806155801493,0.35235781262398,-0.234696777546931,0.244797267870461
"38",-0.184195419800081,-0.261289269560376,-0.101785162190973,0.385242598757942,0.152570085871741,-0.333456955400551,0.306682034422295,0.606587755321644,-0.0420096929690984,0.505435674631482,0.475827004207567,0.00251932064049821,0.353074883494101,0.379686676444916,-0.0733587852084262,0.140757585834649,0.354025369828809,-0.209882992592752,0.235478489565536
"39",-0.165995755059698,-0.250046307748605,-0.113897897673607,0.407391415305651,0.152504168828678,-0.386422410456287,0.302850735186528,0.60525623708728,-0.0296926035702357,0.48873297068704,0.457819597024865,-0.00577021827001157,0.331316171272215,0.353932023334355,-0.0794631281550971,0.0900552548530794,0.34181446727096,-0.192412029531722,0.227831146108266
"40",-0.152546299263913,-0.228567264226316,-0.126477773162406,0.420569850912932,0.154535118154138,-0.379991683807944,0.296488452443737,0.59644974525454,0.0112068105638761,0.473271044665176,0.438678541565043,-0.00234439072127936,0.304982703884331,0.324828858369088,-0.0857304841425684,0.0591491933379262,0.340690114827453,-0.17781899752083,0.221004727910997
"41",-0.151560232217174,-0.210516746565582,-0.116328722375679,0.424449106044621,0.147323489384386,-0.352246925341968,0.300789910002521,0.589152269306432,0.066387418892075,0.462368177376682,0.419160768318547,0.0199762698648134,0.275863912916739,0.311127136746361,-0.0746347338797523,0.0201615596697061,0.339881614648095,-0.164860304073063,0.209927235498519
"42",-0.148688804388291,-0.195686262594239,-0.0765414957494902,0.421239350764959,0.124399813045939,-0.313320545185942,0.298886561589335,0.575692202035776,0.106941487198674,0.459435275952146,0.402745067335173,0.0553789229649826,0.264823642165579,0.302110048277389,-0.0574529157261803,-0.00542946171545899,0.333253253151333,-0.148874669835073,0.201591830347809
"43",-0.149218059134017,-0.191564949436164,-0.0723354146561755,0.417843930032532,0.0928669083499473,-0.2385144201189,0.28617637667506,0.534822521651839,0.142455866606375,0.455713404195445,0.390119463207086,0.0985300969335837,0.26390018018265,0.294134480786859,-0.0291239153705547,-0.0165555501362703,0.322233536234901,-0.11929621829136,0.195994533358087
"44",-0.171066416487724,-0.21039636540479,-0.112711245755485,0.406627637295873,0.0633364085524033,-0.154620297636506,0.267386142630183,0.495823960211291,0.195081085992688,0.441085112295309,0.378035426159085,0.157886690761571,0.248703548492317,0.273476401250572,0.00802253379983799,-0.0388291425743671,0.301813685347228,-0.0789359091168997,0.180108742867133
"45",-0.20640234005865,-0.228404116758351,-0.120388276381367,0.353504654359564,0.0106235623502914,-0.0830174021064859,0.228579573740956,0.457458070989193,0.245625964778735,0.42029516137945,0.357812605128263,0.217506730111805,0.233505298880553,0.238750630402516,0.0445288513176376,-0.0514521450955804,0.281128624898011,-0.0369368751537522,0.167913602439169
"46",-0.233857732264623,-0.233483197230508,-0.100193173641903,0.300187176514791,-0.0732508105032641,-0.0509107072254363,0.180990439993517,0.396336075768269,0.271748922296137,0.406934609848414,0.338824893796404,0.256781218132689,0.22790980947648,0.21069272884415,0.0764894967309879,-0.0674507660160351,0.263448340874128,0.00354140001691636,0.166153906663254
"47",-0.245879273626202,-0.224296941031119,-0.104997470166,0.292804550326817,-0.148707817367518,-0.062545062136048,0.142156150864696,0.31750631435019,0.276289272360288,0.399308127417498,0.326856595976045,0.284953153024258,0.224527155192213,0.194746721448967,0.113281741178727,-0.103644804069459,0.239531827795314,0.0313055097600282,0.153860412180341
"48",-0.239826024799477,-0.173585459554749,-0.0992665012321677,0.294747263730783,-0.194034488953388,-0.0777087761319536,0.112592833507464,0.230014249373057,0.263808469121046,0.392946850355315,0.3159173825989,0.302476595048605,0.227044253098181,0.187549212286285,0.16337236253535,-0.136516699660789,0.22036012460599,0.0596033228774978,0.136595978408741
"49",-0.233356690049403,-0.107161546084141,-0.0823669540393055,0.283193821050063,-0.201360664362517,-0.0588354455650428,0.0778165926797029,0.147139643758275,0.258570104977841,0.389609333854861,0.308181009517287,0.321803679101656,0.231970759703652,0.174487229552142,0.209630260991769,-0.164249071043546,0.201417912013193,0.0843642433714047,0.125528273443198
"50",-0.239675317471538,-0.0632466129735192,-0.0538300904625135,0.250220546313502,-0.20506069311521,0.00391746235494261,0.0419638100453404,0.0751448629750479,0.269818242010004,0.388624223861238,0.304485575549947,0.343770346185269,0.229282821018014,0.159522779750225,0.23843315080021,-0.182582312462043,0.18462981093605,0.0880866919138813,0.11964892077524
"51",-0.256706303564697,-0.0435091606974674,-0.0259496925344413,0.202662855585032,-0.230141048779866,0.0583904633677091,0.00957206533437535,0.0127355250420561,0.255768596276491,0.384205449010086,0.298178744871483,0.35488369059871,0.21454005163729,0.143875759617489,0.257581242596957,-0.190124301939378,0.172133241637234,0.0863693769314944,0.111949354399882
"52",-0.276662546369704,-0.0545147681561927,-0.00373651043852094,0.165024427395044,-0.261148990047818,0.109252437617663,-0.031518114918336,-0.0370486273744217,0.22332510275892,0.377659753179225,0.288491519393497,0.356512559090335,0.20124660540038,0.124858052361178,0.271666473488548,-0.19367681958653,0.148345762552963,0.0784436276662815,0.108714468373013
"53",-0.291598389868363,-0.0814062379044774,-0.00558874060728589,0.152424361107183,-0.269962061546797,0.143744491778561,-0.0826010694071378,-0.0748886417590834,0.184190032106439,0.366938449193932,0.276118004585023,0.345576605153162,0.183311917760701,0.0902042419590173,0.268790760763208,-0.196522884469102,0.11899251550485,0.0653303938688052,0.110248963382157
"54",-0.310096085179739,-0.109621399608615,-0.0263935010121463,0.14987541093996,-0.250848567744119,0.14932476994094,-0.113769968648865,-0.0861189835755636,0.151139619960735,0.35191842851538,0.264990144875618,0.328888080686589,0.150313662013911,0.05281315050258,0.256384746463714,-0.218816067443198,0.0891049905431045,0.0457629059625462,0.110718810691926
"55",-0.327365973258293,-0.125869863810515,-0.0191004247910231,0.136645833441596,-0.232061454132966,0.104961771317675,-0.122325671843413,-0.074523093216731,0.114147234768295,0.337063873214971,0.252339850733759,0.299140923182719,0.120551754413544,0.0291385851997307,0.234856893663682,-0.243922751960616,0.0680897103797178,0.0139323286769513,0.113643159476
"56",-0.341180945238918,-0.139194931344347,0.0286659613999544,0.109295853794208,-0.226089839536962,0.0784238355722216,-0.138181575642389,-0.07303994296368,0.0699950847128511,0.31860224016536,0.23091691911451,0.251797678213667,0.107716000830106,0.00917505410464657,0.201974800128209,-0.237801893824766,0.0590226834614886,-0.0238606427948949,0.12078921585177
"57",-0.364254323233332,-0.167342601928425,0.0664414277579186,0.0877740731378893,-0.225265044058031,0.109250940709217,-0.1618731395847,-0.09226463042005,0.0401846920784373,0.296543333877943,0.208944046575899,0.218076944575744,0.0854499509812599,-0.0103305534163286,0.176408197364344,-0.229524665639029,0.0463068401343678,-0.058091990150382,0.124433300946466
"58",-0.393549976603181,-0.191642168473197,0.0849802993359841,0.080722586317032,-0.205668861444286,0.14124534423948,-0.177399924710935,-0.113215483843789,0.030448300030318,0.265120802583701,0.185591548283425,0.201218373577043,0.0438737105592491,-0.0437239210614953,0.16107562247097,-0.219992762999246,0.0245475310215884,-0.0883078332908145,0.123029277421889
"59",-0.421895570000655,-0.203510544462507,0.116550720243039,0.0596555865070709,-0.166161560698031,0.169750938499948,-0.195183199361266,-0.115212506104138,0.0309739434398835,0.224349841887863,0.159442363351593,0.175894140437931,0.00366937764473419,-0.0900042299181033,0.136263199946171,-0.204046790507326,0.00116431903605907,-0.116325996341333,0.123679200662095
"60",-0.440752072695492,-0.199083849186181,0.136222214239918,0.0209801075628319,-0.129076750987337,0.175343710294544,-0.223508495115958,-0.109778070202703,0.0377027254735109,0.184111037010167,0.138647048128909,0.15952345908451,-0.0357398855308065,-0.145871604594822,0.0979171918304397,-0.188153001921224,-0.026862622942928,-0.147928716175573,0.126456170598046
"61",-0.454041239431348,-0.192384834329004,0.144577360564847,-0.0137358924279942,-0.114167876558637,0.158151838002832,-0.244001479467376,-0.0997331343393192,0.0519567166237805,0.146928325702246,0.121427089700272,0.153045405677955,-0.0739867128535201,-0.201346647443459,0.0581290341654108,-0.163492392362331,-0.0591752914590011,-0.178872136633284,0.129468750372608
"62",-0.468811392686772,-0.198497656933972,0.156097614531987,-0.0258521568870158,-0.108111692366161,0.13799583596995,-0.263307558419578,-0.0836457186193051,0.0628727874744563,0.115204982383888,0.105593901308903,0.147186706569126,-0.103218273936316,-0.247164065334773,0.0259191927662978,-0.126005002077511,-0.0978869544126725,-0.196050386968812,0.129725154412854
"63",-0.483694820494841,-0.201426213137814,0.164150509994016,-0.0239108457549381,-0.103829499605672,0.104199325378646,-0.289103905639822,-0.08594184303715,0.0661830935037411,0.0881980069527458,0.0914361613484308,0.149724032012365,-0.123935963782174,-0.286339070098276,0.0086667123703317,-0.0901511234629053,-0.137082025457686,-0.200505072694545,0.130424839062367
"64",-0.494358169214341,-0.199450911437849,0.15976729722913,-0.0316813284099185,-0.114278545629451,0.0666113047636154,-0.313650434429675,-0.0931099086874413,0.0710698527472261,0.0625119429279548,0.080859790033776,0.160112731374536,-0.141003927242794,-0.316508159160968,0.00047411977873849,-0.0660364414371784,-0.161973603956,-0.192461081077033,0.125555315455688
"65",-0.482893628376737,-0.185381965952508,0.151886776418954,-0.0354555170109529,-0.116185806356065,0.0401182092579384,-0.340723230508614,-0.106255098454785,0.0769821563015443,0.0403187958016623,0.0705264772477568,0.172552637477838,-0.147319018263679,-0.328811041450372,-0.00250180189756947,-0.0396585106927751,-0.183010071148388,-0.179809128311755,0.114678065908895
"66",-0.457623999031362,-0.172778523396861,0.109477897519292,-0.0155728637808776,-0.0931529204998764,0.0104351598349472,-0.369132006841521,-0.140965574626092,0.0844156142224081,0.0179197046906001,0.0503435572058129,0.176171759490772,-0.149797803262019,-0.347309332679252,-0.00387344290054926,-0.0112990681937701,-0.210403367342662,-0.16078313809066,0.101972385236811
"67",-0.433016276364348,-0.16979522775811,0.0586142097077541,0.0109088417585714,-0.066312400035324,-0.00842190986710931,-0.402669503808512,-0.178140632636921,0.0976313883152189,-0.00783002004600334,0.0295311406758914,0.180691158881453,-0.159989919359477,-0.387182178402729,-0.0053654701090817,0.016444211780073,-0.243210967386599,-0.133010954556543,0.0871427613208172
"68",-0.380101032302773,-0.133023014289343,0.0129425104520168,0.0555845118796129,-0.033248388814463,-0.0596628384073131,-0.41273928433614,-0.198725518521577,0.106601672892611,-0.0332384606747717,0.0170518149703746,0.184652804061289,-0.171012066620308,-0.430754567582914,-0.00429047517832084,0.032346161279972,-0.273091587045943,-0.0987075970176461,0.0744686205455261
"69",-0.308976358311983,-0.087318142433144,-0.0403950025226735,0.102903997488735,0.0135672712304359,-0.139346957090975,-0.404144456962458,-0.190295485442515,0.10479664696651,-0.055014646607824,0.00857151307367606,0.164658090088604,-0.174777540690247,-0.471013036298972,-0.015523782546286,0.0402696235567572,-0.29516528565251,-0.0682806304367521,0.0642078868833689
"70",-0.253644771392143,-0.079400466260113,-0.0998193144604024,0.129754727478759,0.044288459715747,-0.198700079162872,-0.403591471740464,-0.176731257302559,0.0957990712185867,-0.0708175617707127,-0.000134314308408003,0.133963958926549,-0.159754388638849,-0.488806001814135,-0.0328605827808155,0.048552022179331,-0.309907062710263,-0.0475959158584443,0.0509333862882266
"71",-0.214941064489685,-0.091040893788832,-0.144779639898811,0.157536967846976,0.0467769794136639,-0.252477007492539,-0.387035841837962,-0.178172587090822,0.0833449093026951,-0.0803895757921794,-0.0106962649957221,0.111782619650519,-0.126062315399247,-0.487380512167179,-0.0450548443816488,0.0645222623623547,-0.318646078166615,-0.0292834402419471,0.0409241818049702
"72",-0.185140825443668,-0.125043724299801,-0.143671607988551,0.183383745031999,0.0167435784048277,-0.274118405822047,-0.354597821937983,-0.185069958347492,0.0832357913095584,-0.0872350603107942,-0.022650627187651,0.0883086581611259,-0.0883508205214311,-0.478024139420385,-0.0598461438813084,0.0725459307015311,-0.323705020099708,-0.00267927928987008,0.0343993833266493
"73",-0.155031728807708,-0.170189924512565,-0.127258598611213,0.216275702884445,-0.00558281033783618,-0.265079234573964,-0.317658243142282,-0.189434551770818,0.0938750333919665,-0.0929515090962397,-0.0379150550463595,0.0565009727498198,-0.0569579789305997,-0.46597742148538,-0.0655846260682681,0.0730731629124452,-0.330358510070943,0.0333265763162897,0.0228428088220551
"74",-0.125841525719744,-0.195902149548303,-0.109259798867594,0.238859920436356,-0.0226429327425098,-0.267114614149894,-0.290595974613397,-0.199337086269768,0.0892799897738419,-0.0997902015098256,-0.0495668594789333,0.0217112419506728,-0.0404944500152241,-0.457810250276132,-0.0569452455298091,0.081540581744986,-0.325569787768192,0.0762973631392533,0.0100559680612826
"75",-0.102890179843485,-0.222254873354982,-0.105248994950174,0.252368284448055,-0.0644203927539409,-0.279477045739709,-0.266789091940381,-0.209557201323416,0.0760228419695679,-0.105078301835623,-0.0500354013603989,-0.0143445703698077,-0.0314233451867929,-0.440255039979068,-0.0510412844108448,0.073776443526215,-0.317035802604303,0.112011623439142,0.000326963670682384
"76",-0.0835491500646378,-0.249970873547389,-0.121213881853096,0.275261872978475,-0.105794403212572,-0.300726396164686,-0.233308641686447,-0.218692528265418,0.076028737391079,-0.108174689449601,-0.0461915189378831,-0.0521616807817919,-0.0232072740969372,-0.413552022532339,-0.0514807437031962,0.0516234281028796,-0.320531149106161,0.133935941626093,-0.00993099315657052
"77",-0.0919276024712923,-0.27681958880981,-0.146676171909331,0.283727851539602,-0.139704908354332,-0.333294279989405,-0.189402736997224,-0.221039272752087,0.0920605723574757,-0.108925688618039,-0.0422698034318769,-0.0899413343672955,-0.0222527105040085,-0.4027845349577,-0.0576673798211181,0.0440913896214974,-0.313574907719777,0.162813183871567,-0.0186852661215142
"78",-0.118655005966183,-0.299271336883042,-0.155440272664656,0.284282496852637,-0.170940804659979,-0.349512836436487,-0.135556982776579,-0.215836054672597,0.107203135404531,-0.104790201304125,-0.0390035496617727,-0.130815600155851,-0.0157965395362522,-0.392457365564913,-0.0616522242552222,0.0503976664982755,-0.292966467943615,0.197033162980061,-0.0153060071097494
"79",-0.109483350593754,-0.286619999594317,-0.157646804001534,0.294789438547455,-0.175613682917552,-0.344262785045854,-0.0657004335779396,-0.19076433401592,0.121888566121678,-0.0967011766457566,-0.0340338719222034,-0.163640356934535,-0.00705786992881304,-0.355218973602466,-0.0541578691879657,0.0484864304689714,-0.265223589595463,0.225089271905108,-0.00921850070430128
"80",-0.0656699424464346,-0.254158355143798,-0.185842966993148,0.29607241042068,-0.159002321349622,-0.348055164688783,0.00506963163554839,-0.14303837948535,0.141937718764024,-0.0838595085613819,-0.0219901015253449,-0.187007608354065,-0.00397767071131655,-0.298677913099558,-0.04804338446152,0.0331343334134596,-0.232693256826424,0.239699299803063,-0.0121104748561719
"81",-0.0027249859641275,-0.216676892157418,-0.192633765122972,0.294001413130071,-0.160141692938369,-0.350977666592439,0.0558754888935636,-0.104356853469423,0.161235323436113,-0.070490200677479,-0.00835845731959498,-0.203458822208794,-0.00106455947212319,-0.242113288575196,-0.0476109489413773,0.0046417391283058,-0.201805996679439,0.247572505951241,-0.0231365189450961
"82",0.0743045394496034,-0.169795007946273,-0.160460002787052,0.276742118528399,-0.172878410803976,-0.328406482723531,0.0836158285997974,-0.0725282766059744,0.175756565886986,-0.0601390158365847,0.00842012007529582,-0.211130767705602,-0.0161695407898137,-0.190009153103083,-0.0482077414077181,-0.0279308157397719,-0.161452302711863,0.266427528724129,-0.0317449869563314
"83",0.146051708135487,-0.120507951462699,-0.144560015129818,0.248330033622678,-0.158621958580162,-0.274055520304749,0.0969316893758125,-0.0375389296607893,0.194545569400362,-0.0502309222020083,0.0277515037274303,-0.222503455798168,-0.0446573520871598,-0.14358493233755,-0.0528046688910305,-0.0523604761714695,-0.108221369054587,0.30139677611278,-0.0333064662371439
"84",0.211839540712037,-0.0611033402457989,-0.164156062989643,0.231767544753621,-0.103338366341425,-0.20104930291246,0.101935814834077,0.000971941901497685,0.204505754996466,-0.0410108809191157,0.0431874984829648,-0.244423172808027,-0.0578342595206082,-0.0991237914496476,-0.0563588971922921,-0.0558327109484479,-0.059114093077474,0.328387555606989,-0.0339157400813834
"85",0.262401524813904,-0.0141749417933243,-0.203702163299928,0.205741728900274,-0.0698800967733846,-0.177079667099925,0.0915713406489355,0.0433593173012,0.182158738581858,-0.0340239245982139,0.0590520299252838,-0.278403533822392,-0.0578125968603552,-0.0541739350490634,-0.0674450618966518,-0.0491447600434049,-0.0225584267666961,0.334251078294868,-0.0378242727482557
"86",0.298639076286731,0.00491484159631622,-0.256516088455658,0.179819694698925,-0.0441131650183219,-0.180307158100245,0.0870686933079328,0.097186063491359,0.1490286046433,-0.0293769869472006,0.0679970904403344,-0.330700653436389,-0.041610194011926,-0.0129921358982695,-0.0949467628397775,-0.0612574281728209,0.000326976271498018,0.329017060466988,-0.049301207766138
"87",0.336853364426526,0.0256432826184657,-0.298355572456161,0.160147195097026,0.0321021611864915,-0.141003654164403,0.091584711196387,0.150405522297893,0.131807197109803,-0.0325947589502303,0.0621424191336621,-0.392997506666867,-0.0139192624535061,0.0126542426235578,-0.13291744095993,-0.0704919195592793,0.0182168210341569,0.317312812156841,-0.0555054578367174
"88",0.369948116233595,0.0474124015466897,-0.308261547304519,0.149809720612791,0.139246470657988,-0.0788114102150532,0.101869735576004,0.196752093091985,0.110374964768979,-0.0392255057029483,0.0498957979624553,-0.45472972619662,0.0131398535563444,0.0236396970604219,-0.176625412188034,-0.0563150227883569,0.0421184401734127,0.303010288427837,-0.051325591257698
"89",0.405526003497962,0.0683220060791424,-0.313293805003055,0.156894057797098,0.252913343827303,-0.00869223880329655,0.11229692612253,0.236389558590822,0.079214363377234,-0.0484591627471965,0.0421563998848007,-0.503037955913306,0.0383318337616125,0.0366695095204294,-0.21835689107019,-0.0482889908779198,0.0613767914996171,0.279736459812996,-0.0485743282961885
"90",0.464929541545344,0.108061807585929,-0.3223308317128,0.167860797497773,0.368127509305317,0.0768549992573955,0.105058950676497,0.287285600577943,0.0571955528276672,-0.0671771603107028,0.0413154455150591,-0.524094818212286,0.0490224198277919,0.0530298982691453,-0.248782653250338,-0.0542787146893739,0.0766719712609143,0.257580844278718,-0.0569451815122134
"91",0.505641830785659,0.129622829791657,-0.32660800856703,0.162172964353248,0.444137285176553,0.167411827759185,0.0783848182346123,0.330636759383381,0.0462952106140447,-0.0882973205368136,0.0372268787118921,-0.536931007808239,0.059116070967538,0.0597157301957112,-0.276018129160319,-0.0569666631957262,0.0897967899793131,0.242559912491856,-0.0683029221259375
"92",0.48021533834496,0.104137219968873,-0.312502004491378,0.123821599736503,0.458194352574679,0.258717970966109,0.0317311466744445,0.337456865978682,0.0490212729405609,-0.107695624467029,0.0251280018416828,-0.547710325101269,0.0739011354355335,0.0532216112243715,-0.305449508019145,-0.051066738250301,0.100449544168106,0.228040535450419,-0.0726453951193982
"93",0.43081330913612,0.0695443117201128,-0.300665333233435,0.0680479195119331,0.445709097782684,0.311789785710386,-0.0171696996396832,0.32550591365666,0.0502397383461244,-0.127230318181952,0.00615900001080391,-0.558857898751238,0.081336585407518,0.0378233995866341,-0.327913524258857,-0.0283631731556132,0.109224590638639,0.213164760292701,-0.073980458195221
"94",0.380673767952992,0.0439635739086744,-0.287487389765554,0.0365152152188201,0.431681882855508,0.336597060932116,-0.048914448923262,0.304963071155265,0.0498403247248414,-0.145524163821533,-0.0207901849075935,-0.575980116983997,0.0922279720953032,0.0101742402441742,-0.341340596840593,0.0052150179837097,0.100479112610264,0.188604141717089,-0.075220838678363
"95",0.345046921019461,0.00520000092178668,-0.26969557536191,0.0246078511507679,0.387734184928841,0.342825569067616,-0.0625011538131282,0.287636125213046,0.0417590342566877,-0.15989980072565,-0.0460124073361994,-0.581251909866828,0.0998924248853961,-0.0194767823378394,-0.351411724377561,0.0341818272239896,0.0773185732275077,0.14842039197029,-0.0790419375871394
"96",0.322886116669174,-0.0592360338932269,-0.267616558613166,0.012245701623809,0.304531419911074,0.309332263892687,-0.0590413887050655,0.274624618906551,0.0275075574616622,-0.169040504701493,-0.0636915975556704,-0.569636374465468,0.0871165966775698,-0.0461304258627308,-0.362888411472809,0.0629939415905165,0.0597917961436915,0.107246450586148,-0.082757719126641
"97",0.312086559787813,-0.102321236315887,-0.253882043165007,0.0120951758773921,0.244653582429998,0.301710204620233,-0.0392799003875668,0.257573481711268,0.0364689759855161,-0.175677279595451,-0.0781715714711967,-0.53947590982137,0.0646304095375654,-0.0650288302783576,-0.363420523638003,0.104034406255901,0.0581804747568182,0.0770953175595829,-0.0821693723669136
"98",0.304636357614312,-0.119384935667112,-0.244597780003764,0.0168970593154227,0.215290392234175,0.34676119515391,-0.0205472036800458,0.23596085127367,0.0674349701144463,-0.184221579374614,-0.0922104544458864,-0.498297471585242,0.0339803149080684,-0.0814407105588545,-0.351293145389159,0.145893771889376,0.0546426253871033,0.0499496548222255,-0.0753847187248916
"99",0.290324387833999,-0.13559449722437,-0.246298037349085,0.0140245661973604,0.168068247737239,0.38949143877214,-0.011863833528675,0.218488480191,0.088152905540712,-0.193529932941894,-0.105884221810622,-0.455539943951758,0.00258989961202629,-0.0905076493650371,-0.331189086239652,0.178801767225782,0.0475976254879356,0.0366559778545743,-0.0742621357671724
"100",0.280904901125918,-0.148096109645222,-0.239988609191644,-0.00539710313679571,0.083955588587841,0.410016685743845,-0.0196455863079321,0.192253421398993,0.094572086150241,-0.200206386046438,-0.115380838941569,-0.401676074585722,-0.0223472591767561,-0.0937855608529491,-0.302833146559166,0.207589537196324,0.0459473292647138,0.0292718450566875,-0.083116461553763
"101",0.275300581864976,-0.159658456418035,-0.196376980495989,-0.0350932992938057,-0.0338285184842294,0.417509218325209,-0.0433033466952556,0.154655468466169,0.085057404836759,-0.205314460908544,-0.127123965550834,-0.358865319085851,-0.0401626190046774,-0.0975073495287512,-0.272850568573869,0.235231890508448,0.037605762228875,0.0032184092718949,-0.0909097951739718
"102",0.26891008702228,-0.169199217940815,-0.133193643419517,-0.0717653895497044,-0.163297239873218,0.406869617126035,-0.0597514248086888,0.0938074856194106,0.0800740275587561,-0.202624305998094,-0.136363810331078,-0.328499165267677,-0.0422684453894017,-0.0874413247323908,-0.252473403957228,0.261059530286148,0.0259373252548921,-0.0389842270385821,-0.0894947780185165
"103",0.24579241307322,-0.18713049634948,-0.0962556161312406,-0.112095020889456,-0.273269554276084,0.419795733106333,-0.0715859764014955,0.0126337779037863,0.0806436690912686,-0.196092792272854,-0.139302222827659,-0.300532963534718,-0.0481302507779178,-0.0829729875523466,-0.249509992473243,0.282769911693085,0.00649111038606425,-0.0896725336479902,-0.0816289758810879
"104",0.211401760672094,-0.215471192559611,-0.0714240716165651,-0.138440417197512,-0.351648925497145,0.422425824300333,-0.067838717797759,-0.0509689629845287,0.0508326178872472,-0.196660185034294,-0.147947242753139,-0.293704654171409,-0.0644186529992722,-0.0910187733641382,-0.257035990068504,0.299252102533854,-0.0197997075723672,-0.140341620092671,-0.076480075699949
"105",0.158253158506726,-0.256156884744903,-0.0416303288166248,-0.141865175687476,-0.400651025734025,0.431413362464092,-0.0417669167162482,-0.0928745606828005,0.0136800595080716,-0.195282305780727,-0.151767885406424,-0.290221396174726,-0.0715687543388842,-0.0819209089682126,-0.263334825164059,0.309050180810479,-0.0448984590768777,-0.193178741102143,-0.0703435897951279
"106",0.10811325342898,-0.300341506128083,-0.0343626408668288,-0.128134955121981,-0.439394757242583,0.456061741442312,-0.0107366023563132,-0.13255574111144,-0.0120203641559817,-0.189919353723627,-0.147031784546384,-0.273894405335512,-0.0738387937366074,-0.0637615323353226,-0.272816490794281,0.324732128927136,-0.0655397700554326,-0.248450474006863,-0.067153857302882
"107",0.0686225930997585,-0.322606451103647,-0.0265122160672205,-0.118884111192036,-0.458632675773762,0.466107969550201,0.01261839529211,-0.172103204982935,-0.0169742397030694,-0.192345816151867,-0.150899573730073,-0.261826683724598,-0.0756847299475051,-0.055845318962039,-0.28949517899059,0.359845438298043,-0.0827753785299414,-0.297436263887231,-0.071399738448565
"108",0.0146596097007259,-0.329190996619846,-0.00734855462855633,-0.1260877875789,-0.452891772006809,0.469665367802105,0.0289013724285198,-0.197424033443706,-0.0076146450496176,-0.202021031449139,-0.161976592885274,-0.260973465863841,-0.0702079604489916,-0.0581085262760439,-0.311624450468025,0.390426535110798,-0.103432063228917,-0.336363945797222,-0.0817500968944746
"109",-0.0398635870974907,-0.331821106936668,0.0145006707916892,-0.139194716422137,-0.449758712992609,0.470137729889388,0.0299881431849446,-0.231778085974206,-0.00809341555685756,-0.212799304150864,-0.171387666631575,-0.268788278257715,-0.0674578248961577,-0.0694153042111347,-0.345201003452248,0.402522575134719,-0.124157348099448,-0.376455426563722,-0.0865438307219075
"110",-0.0694021726032369,-0.325550455874001,0.0874082457999431,-0.144496875281412,-0.479206130189206,0.455756402095496,0.0289704372061144,-0.285339013513383,-0.0183194462568791,-0.222964749511585,-0.181289428747468,-0.278705133556313,-0.0648275133083233,-0.0746222935646365,-0.382897290122454,0.441241780565321,-0.137431787027323,-0.424950166850886,-0.0729633528672729
"111",-0.0856496130214231,-0.324286323010925,0.163933577795984,-0.14780589151013,-0.530293987555677,0.419332806155384,0.0346604628643384,-0.336596746021244,-0.020559401934648,-0.226088344130305,-0.185312226512201,-0.272798884492567,-0.0595162247684696,-0.0778895909480494,-0.414290022655172,0.49423571360805,-0.150948726768239,-0.482414466126221,-0.0567931522382819
"112",-0.0869683505128639,-0.313723746554093,0.189483671559226,-0.152584996120441,-0.541805647425321,0.394449259825904,0.041456237705055,-0.36962586177912,0.00181156247514587,-0.224319944163204,-0.186239643149397,-0.256067441499896,-0.0554044430267366,-0.0831563061602018,-0.437031683654427,0.520783728347084,-0.166659321394959,-0.525455119199175,-0.0440638135038996
"113",-0.0582718911502295,-0.284215567592311,0.198178426640149,-0.159352835211157,-0.512673341752776,0.382556784250451,0.0541117132423583,-0.384779882082123,0.0585346624478037,-0.2268322584609,-0.193931679564043,-0.233786956497732,-0.0579316576079878,-0.0880285626621174,-0.448375929438092,0.526557449299334,-0.17808674361286,-0.53624065264903,-0.0294016352321815
"114",-0.0363464599953072,-0.278398770582474,0.185925127148751,-0.165699656227418,-0.484038446717832,0.342577852419103,0.0642435553833989,-0.393412244678356,0.0978107405400622,-0.231375767886347,-0.211435272566691,-0.220091351871472,-0.0766317304447199,-0.118866643791858,-0.462575892323466,0.524962730860689,-0.191202838324507,-0.541607859140299,-0.0238303784700096
"115",-0.0269208709305896,-0.273534329804202,0.173548737872234,-0.164098355955091,-0.44689063862641,0.26496689496188,0.0905799481753892,-0.388933565818724,0.115953129769159,-0.231130932314139,-0.232355288212341,-0.21719291820867,-0.096159731065564,-0.150011490882458,-0.473065958588797,0.53380720660021,-0.190243950986681,-0.540287417658502,-0.022291818213144
"116",0.00204845092790166,-0.225489525833683,0.177884535912162,-0.146220965729157,-0.378171916375315,0.249371282871164,0.1141077290654,-0.381337210454619,0.140180940282293,-0.222798629442144,-0.244084776486806,-0.20283557450559,-0.109025418202541,-0.166119333952626,-0.468905589918241,0.551512369720623,-0.188046242836882,-0.532250099910708,-0.0110633709397717
"117",0.05565196970107,-0.154446109417865,0.173022719147879,-0.139181575215222,-0.308504160586875,0.250632882202404,0.114310203321043,-0.374625862716433,0.161359967931621,-0.219618817408594,-0.257868768346133,-0.187306027691863,-0.127185093330204,-0.201946934755242,-0.462573763003437,0.563389440087463,-0.197377639827164,-0.514081523307648,-0.00210510289205152
"118",0.117192828192183,-0.0819583136584369,0.174904814630175,-0.164001928106356,-0.243184176988782,0.219094038101519,0.106540864554219,-0.342600711117098,0.194829642176987,-0.224612474392076,-0.275314083516149,-0.177366365281487,-0.137302206014883,-0.236890196580567,-0.447872381610797,0.561446673086859,-0.204531017717716,-0.471272007543198,-8.25130086978477e-06
"119",0.182047608743447,-0.0172133432442243,0.160261139119335,-0.181968524473239,-0.148641819710392,0.218725568093383,0.0986311142697372,-0.310303725265207,0.225737934152723,-0.225232816440732,-0.287004468471491,-0.164671344522575,-0.136165349860564,-0.254412218820573,-0.414583150512161,0.554696016596641,-0.209110672947168,-0.412420827436619,1.66969148787951e-05
"120",0.255421709057809,0.0595925695771362,0.135053185013748,-0.177584631312346,-0.0305286795957013,0.269663779141851,0.0891909197173886,-0.299455512010195,0.2379382898051,-0.22137596884835,-0.293781955842898,-0.154691164230004,-0.140956898765601,-0.270923078888169,-0.37457605737822,0.546819610103367,-0.205465517921572,-0.346771351870624,0.00592713745799483
"121",0.317942911328064,0.136456008297907,0.129103728748008,-0.186849095657946,0.0623366698522288,0.319476188772612,0.0765055721270116,-0.285623517959863,0.23576562937349,-0.218396226434004,-0.2986948509229,-0.154506697697592,-0.148077195794115,-0.293350716676825,-0.344352822034522,0.534649472348442,-0.19147119818774,-0.280051585653485,0.0218665500509491
"122",0.364311064840237,0.206924370828154,0.0856315179660737,-0.203255978804174,0.172240020188244,0.33221250003898,0.0732508248534744,-0.244700207581639,0.245320580342986,-0.214761885813442,-0.295172040849132,-0.130619772701834,-0.156615274878541,-0.315130564239952,-0.307048385175904,0.469122345166363,-0.182330508030398,-0.198046624875425,0.0146806839634087
"123",0.406426102267085,0.286830226948658,0.0191135864914123,-0.202375482482277,0.320795812235402,0.32558291768929,0.083805301467128,-0.180941064478112,0.26729378335819,-0.211727511998539,-0.284835983451988,-0.091410593231906,-0.172271496972643,-0.329530450845485,-0.260884958476814,0.365672529961421,-0.175850208362694,-0.0997772800384848,-0.0121865403840601
"124",0.41306134874248,0.329563191186019,-0.031821490127412,-0.205788902747717,0.409060714696579,0.281355846770287,0.0845108222477152,-0.134252846961777,0.259318044391242,-0.216867354016305,-0.278184486885789,-0.0768621585998521,-0.192154750544686,-0.349485811906206,-0.23236886790011,0.291285698477143,-0.1682249301049,-0.0204600432041895,-0.0315006338368061
"125",0.379250243911335,0.341354915502474,-0.080541655194895,-0.227958771203658,0.445115629300449,0.236687624329174,0.0724965563852343,-0.110973944820002,0.22481427339833,-0.223716514501464,-0.271430910961231,-0.071816200679726,-0.209031815896644,-0.375914884038171,-0.215873205920161,0.24752920509411,-0.165133221682578,0.0385849606222964,-0.0456299338973988
"126",0.332907922546652,0.352251434723201,-0.0669087719374583,-0.266952697052236,0.453992713687559,0.251674772758845,0.0430458462810907,-0.0957867842245484,0.204061413308363,-0.228134151963052,-0.261334347718296,-0.0594522590533249,-0.220827938119185,-0.387312003029167,-0.190685826463996,0.220203402401604,-0.165019074752908,0.0947373899049044,-0.0545535421187784
"127",0.297075730536872,0.363414941869118,-0.026926584426207,-0.291861400135573,0.440819133046943,0.271373951714331,-0.0143533840230642,-0.103789814740094,0.186145813611552,-0.232356856699758,-0.252561239205825,-0.0437510651089945,-0.237082832438446,-0.397878546464654,-0.159361027772144,0.18112672854366,-0.183807098231195,0.147921474717094,-0.0703412389218553
"128",0.269250606648402,0.36169485615926,-0.0294106376657062,-0.309366232304063,0.414489902596346,0.233368454068476,-0.0809557155832542,-0.130979218070086,0.16566820970559,-0.242554387584434,-0.249723147648441,-0.02906428545361,-0.258657455803527,-0.4103456856571,-0.129695294853005,0.137950716914973,-0.201356014667202,0.208482028683026,-0.0957032374464153
"129",0.238339323592878,0.348015953124038,-0.059218194068072,-0.336352383657154,0.388739054755179,0.181395320813044,-0.137532238464156,-0.155315083802789,0.149665620886499,-0.257970101371718,-0.247380757179143,-0.0128774924803234,-0.277566072412358,-0.399155336107971,-0.103907737200826,0.103018476989035,-0.194943170927785,0.271172988137196,-0.114097171946404
"130",0.206448615169824,0.334377658309642,-0.0827531029790182,-0.341879679488301,0.357051869863425,0.150162537328287,-0.190694743152657,-0.198217041331544,0.110184226950078,-0.266997087208904,-0.246423887504268,-0.00201476970785686,-0.295380226698362,-0.391689619256865,-0.0859921233817715,0.0744852936101382,-0.192883704832346,0.316264191257852,-0.124206102131064
"131",0.154524590166257,0.30874497411942,-0.0877271005135022,-0.353092182543974,0.290520601256727,0.112125453426015,-0.256892107610049,-0.236773122115004,0.0573839894908661,-0.277278747108074,-0.250105921110023,-0.00167665153743214,-0.306435136756562,-0.398827901026958,-0.0773233158064683,0.0465872510558575,-0.195255046199993,0.339633059113702,-0.127339735404757
"132",0.0884835487181313,0.259373858595474,-0.0856278799931315,-0.392515903801996,0.191443892440795,0.0414460796313882,-0.321107083252154,-0.252284990885173,0.0171805968132953,-0.294597649071003,-0.259758520909157,-0.00366668541777769,-0.306409376945256,-0.395531665232334,-0.0689128264122191,0.0134751564990599,-0.195811434269718,0.35754361085901,-0.133531049155828
"133",0.0335403306154304,0.207513557065572,-0.0970363252782727,-0.418430268927914,0.130288908355707,-0.0245590401411526,-0.365770520679481,-0.25715551585894,-0.00911118903748608,-0.313422239995608,-0.274770030378148,0.0056009260982714,-0.306639423327556,-0.386784335578465,-0.0461490849070218,-0.0325003830998004,-0.215549310706678,0.381670858159384,-0.159701848082623
"134",-0.0131168008875833,0.164339312448546,-0.124793589916943,-0.430360985419733,0.116344059783957,-0.0638250059615576,-0.412637140053637,-0.265440594039355,-0.0540831311542617,-0.332617181501595,-0.292819373526273,0.00194455792128465,-0.315687472737876,-0.39236982169589,-0.0301679477867564,-0.0447656471125899,-0.238259439925525,0.3846500518186,-0.183437211363843
"135",-0.0511302068046182,0.115920483624655,-0.136563573181435,-0.430834749453555,0.114075619959296,-0.080710843172545,-0.462432373727262,-0.289157626675833,-0.117768972441078,-0.353182628193658,-0.319953711094252,-0.0333603146423208,-0.325891297767454,-0.417869932361618,-0.0310012963611126,-0.0161366640014261,-0.266687541533898,0.356638767400084,-0.194144548111853
"136",-0.0613326383256425,0.1001656171988,-0.11493501090143,-0.430564287978949,0.136940820287843,-0.0726574056310735,-0.493455616074907,-0.30300815975619,-0.168589643466128,-0.367482532740935,-0.351065898394442,-0.072472998336106,-0.327136070742307,-0.42985376196761,-0.0164691998767248,0.00333270146716759,-0.304106848069919,0.33453712376659,-0.198463605320978
"137",-0.0454819903164302,0.118913378329635,-0.0847811115478052,-0.425759654802169,0.184586957984183,-0.0760078858259603,-0.507848315729034,-0.301836090193798,-0.227531797854348,-0.372344985870038,-0.376348030271157,-0.106141467714465,-0.318758318564422,-0.404039568599698,0.0171395251789953,0.00658238030505585,-0.333464545790101,0.323373417926291,-0.199277786291639
"138",-0.0222391866975703,0.135285989079006,-0.129259295393956,-0.405947083308656,0.243279788771999,-0.108837545096589,-0.501357689462634,-0.290115917447953,-0.298062542585046,-0.378114837278789,-0.395678668973425,-0.139201488893867,-0.307894662214304,-0.371131155299195,0.0508116592473677,0.00286791812865206,-0.362412908691488,0.313271514747691,-0.208444850122887
"139",-9.00187920834521e-05,0.131075999259725,-0.221990764866365,-0.411000283073113,0.269268324844818,-0.129923394825433,-0.479779222968132,-0.25487997937155,-0.349711406317222,-0.389557303367148,-0.407325945971686,-0.164078968081986,-0.303268200236879,-0.34473148153856,0.0836436669244811,-0.00409550102269765,-0.388086762179011,0.307337077667526,-0.21987487026191
"140",0.0450813403778978,0.146381572819746,-0.260806329732775,-0.414806473475331,0.288691587437708,-0.133569349679448,-0.440114814561239,-0.195804143120786,-0.382434701725641,-0.406184382761001,-0.41802992271735,-0.180294389724366,-0.301956371911543,-0.325908351742779,0.115620580107277,-0.0110322238279992,-0.409569523078017,0.312159500873893,-0.235106116601913
"141",0.0872180653300549,0.170941080946314,-0.235330152887223,-0.395410007555696,0.301889732814614,-0.132570605654743,-0.392764743865657,-0.147526588131474,-0.419096145348435,-0.421068986970532,-0.437674136006701,-0.212372439194158,-0.291120668386008,-0.332266094648533,0.14069614939071,-0.0129855815347908,-0.44097927394119,0.321857575257138,-0.251806306594759
"142",0.0971940747638917,0.168805942494569,-0.202762337750375,-0.395421621550335,0.307086337178244,-0.124585515652078,-0.347467805553688,-0.105715048062676,-0.466149738557995,-0.435574655686245,-0.457295194949817,-0.25438537330971,-0.273156448438799,-0.334702409536881,0.160355718638727,-0.0284366189417034,-0.471709016048863,0.32779936296177,-0.266576752583902
"143",0.116431313263965,0.18338963891883,-0.163919347041685,-0.417884348797843,0.323328497796234,-0.108696223214026,-0.299526114103144,-0.0591468520116997,-0.504373221499131,-0.445232725464822,-0.463170929377739,-0.274380328790938,-0.259958207917184,-0.305157377263434,0.187286334314889,-0.0662855346177618,-0.503137689721879,0.343612810825314,-0.285775187032306
"144",0.154762840901661,0.206967977766208,-0.109393960495044,-0.423439260983841,0.338936649876099,-0.0788867822969222,-0.254119009997701,-0.0303460075875726,-0.533716233199849,-0.446621046506985,-0.460746207945502,-0.272195596426996,-0.250570909485325,-0.273838641776522,0.219504684218656,-0.0846096444139094,-0.534576769162322,0.344237792239882,-0.298817884320178
"145",0.203912522675246,0.215030260767794,-0.0552410588016791,-0.40596902364357,0.322314001292522,-0.0579462055667302,-0.199991766616339,-0.0220163225996452,-0.565376393167038,-0.445531847579313,-0.457798770979353,-0.261511155875587,-0.234537692804491,-0.254784216566442,0.247143361064969,-0.0473479363840588,-0.537188653753921,0.312927769443383,-0.302681660450012
"146",0.250977844261739,0.212657376364205,0.0144517344176771,-0.387999445146806,0.247046731206739,-0.0523527606970898,-0.136863454482165,-0.0335583419418698,-0.594412139657209,-0.444635563321452,-0.460067221920807,-0.250202408051281,-0.203063878145985,-0.226351032367479,0.28145880703921,-0.0248008118275756,-0.532507588988785,0.283550035204888,-0.309224658681457
"147",0.275686298623014,0.214302198801533,0.0871292262795028,-0.38917089979076,0.13204895456921,-0.0886384266053801,-0.0705654165284274,-0.0489781389865329,-0.617712331677449,-0.44402635727062,-0.463514426534031,-0.230154308544096,-0.176948745027233,-0.195906036939318,0.316825667317696,-0.0189175874413186,-0.505027834700339,0.294394936066815,-0.317030717519422
"148",0.291553922110804,0.221981099483841,0.144385909870204,-0.382354534286202,0.0573383012009975,-0.0804582412115612,-0.00730696033778071,-0.0479174600478621,-0.625449766347653,-0.437407454949693,-0.459216602627011,-0.18694640186628,-0.153961240816333,-0.15699843110611,0.355434859840643,-0.0162388660965889,-0.442995430741522,0.337269514615261,-0.333299296588612
"149",0.291414977948605,0.207502624432051,0.208120166646084,-0.368787023853263,-0.0030686694870497,0.0170559693641003,0.0309314696402405,-0.0437512171495807,-0.618080467169789,-0.430373031279815,-0.454689199732799,-0.13466501226219,-0.126999972837427,-0.1159315889192,0.39646244180552,-0.0367520665692415,-0.375267842930771,0.38336115947408,-0.359172118141079
"150",0.266043801698529,0.175335590795156,0.323957192787586,-0.366498616756166,-0.099971692844697,0.123548480898319,0.0339688817699853,-0.0576311891664349,-0.620100251227017,-0.432589166907332,-0.464375403640598,-0.0975548265059323,-0.111580808150007,-0.100218736344654,0.424474034259156,-0.0540695150814057,-0.30015005881013,0.429996162563461,-0.380634341458213
"151",0.239922873222299,0.182857781747771,0.447698741445142,-0.358822699637692,-0.187805304777949,0.124616563067811,0.0380354247859741,-0.0828079616926343,-0.642208332627677,-0.435864444072039,-0.477021071868902,-0.0732997247679373,-0.104473958140553,-0.0860044798657497,0.44285019550883,-0.0450313149168596,-0.218834898956097,0.458392140859701,-0.39649675135026
"152",0.192851866591631,0.209362521276772,0.531008240686711,-0.376764123725281,-0.255732320953547,0.088411230960936,0.0374413866259216,-0.107741734922247,-0.666033529644176,-0.424862309318102,-0.467603386279919,-0.0399726721972589,-0.101483003396947,-0.0476018942111135,0.465355023909821,-0.0326764799090095,-0.148871562089471,0.4568900114397,-0.404802351644745
"153",0.135125372935786,0.218825555449853,0.541498137149985,-0.393186603029726,-0.27837962926274,0.105375684524398,0.0246187254213758,-0.123601674469374,-0.666368814044164,-0.411199229830952,-0.445088101857319,0.0203303932651297,-0.113286556473912,-0.00544536661806691,0.493509021210387,-0.0664783519316174,-0.110928122494228,0.442551033300869,-0.414159785103798
"154",0.0940132996423204,0.22966535242334,0.49270965303191,-0.360836541208637,-0.255257279974852,0.114337790733725,0.0209838049880254,-0.134646099634033,-0.64962270606384,-0.408005212379565,-0.426388418889277,0.0878846776703084,-0.140232226054045,0.0143982635543246,0.512318248611778,-0.110994850680621,-0.0836378506779586,0.426846934682976,-0.423338082245655
"155",0.0579120615417677,0.23513498024188,0.461058390800901,-0.290566827086977,-0.207717105176936,0.142213363103107,0.0188369933667289,-0.153776104756309,-0.645275538323149,-0.41146760972602,-0.414095581744913,0.147322380737349,-0.162335171116879,0.0188132939656851,0.517650354236467,-0.131376628883221,-0.0377234059561239,0.414498612921381,-0.426613722478173
"156",0.0389580616430144,0.269778353120417,0.453425425219189,-0.238934009682859,-0.144258118272983,0.149083601812319,0.0107371883105288,-0.15780213020981,-0.639587207093904,-0.412773141006717,-0.402162030268253,0.190573717774711,-0.190031037341301,0.0198655482070215,0.515863587848873,-0.149593463809019,0.00996970925202147,0.407874928620012,-0.443904322364865
"157",0.0231038609599774,0.355484146934434,0.518280291539637,-0.247179883609229,-0.0855608075429337,0.159043891043556,-0.0221372796325384,-0.154074298055369,-0.624957116804399,-0.413536962837693,-0.389141099226733,0.210707415571755,-0.225236418378326,0.0356465956622381,0.520300186126138,-0.197658913338029,0.0402600337486577,0.418434970266274,-0.469418910206473
"158",-0.0117596689277421,0.408706821960861,0.587034972412246,-0.268498255749642,-0.0475543155402464,0.189671847173829,-0.0783298894182091,-0.149305376061131,-0.58979683885466,-0.412379558511346,-0.373273092495322,0.213804786107377,-0.254923148513474,0.0647315844761397,0.519170354435693,-0.254243813218991,0.0651689134488165,0.43633076013019,-0.480222370051406
"159",-0.00940599814113795,0.47062957182039,0.628613934025609,-0.267745136133878,0.035129413662592,0.251970239466233,-0.131677683188158,-0.117857908306771,-0.531395625996556,-0.399657029973144,-0.342993930075118,0.231892358168835,-0.277033910667104,0.114268055903164,0.525296471662949,-0.317728749920761,0.0818060870634889,0.440796874400795,-0.487752129079423
"160",0.0283442410375112,0.567751602518719,0.673391991432969,-0.248874752989136,0.142419172287207,0.278389087476515,-0.168415829819154,-0.0778777830286915,-0.478020822042829,-0.388477248995307,-0.306461700092865,0.259870663995239,-0.306782731806477,0.14897709326308,0.526934041411203,-0.377433273012723,0.0785069684228771,0.428767362203369,-0.494394470912054
"161",0.0619576627278583,0.632694982789782,0.669859402530598,-0.21445061676229,0.21323754218322,0.200393691052011,-0.197774883053494,-0.0476880597746078,-0.430019546660144,-0.385388442865871,-0.273061412351584,0.266808396527884,-0.352562304287567,0.140718220110663,0.497509219768787,-0.413074454502438,0.0516041494095777,0.390847499236981,-0.492411893859572
"162",0.0834758242572367,0.668178893063331,0.648731708898731,-0.204685788237064,0.278598068968721,0.139166540483142,-0.216481470183104,-0.0199738748193157,-0.366993346259157,-0.383843534326659,-0.232114808329031,0.269201251788822,-0.384903741835575,0.168518974522916,0.482334802352098,-0.416099042999549,0.0577189396107382,0.357239855926318,-0.491125336333318
"163",0.0542951923545491,0.628823132052213,0.625293658120048,-0.250703234384731,0.31828932564552,0.199567818731989,-0.250119483888817,-0.00922494352346028,-0.296430779825025,-0.393300945247099,-0.196728478625241,0.289238008298243,-0.400305924794163,0.229990036808319,0.488895883239786,-0.418374086388491,0.0908583115741717,0.357371900625875,-0.506696908373846
"164",-0.00306498323364292,0.519176758867559,0.555986251073318,-0.300039438559126,0.298563556266386,0.251416151260041,-0.296808245675957,-0.028320366585624,-0.244719853981611,-0.413577213496478,-0.185832522203393,0.308737738605969,-0.406227093636406,0.270557703808684,0.485499937885722,-0.436610559912537,0.103211154472127,0.363068240989132,-0.526419983663414
"165",-0.0369714779370377,0.423574618554983,0.479277315933519,-0.348096577509681,0.231253383255776,0.19906238831159,-0.329545730347581,-0.0630382843294316,-0.217374141037383,-0.423638050047126,-0.18290625990963,0.308350211271052,-0.39199302572872,0.321219084008875,0.473441677658794,-0.409803994378286,0.127303486013404,0.354218399692532,-0.528916005432989
"166",-0.0541681278720414,0.361773533564161,0.439264191100627,-0.429987020351596,0.134055330416789,0.118950833480022,-0.370915835527924,-0.0896902455306365,-0.200306379060842,-0.421024354780242,-0.176308086987974,0.293170386460763,-0.368418501637159,0.398601867770721,0.473147419859322,-0.362150016460588,0.167953065985524,0.336030532193348,-0.525652095656777
"167",-0.0611594253903178,0.31548849324288,0.403791875808748,-0.522159438295334,0.029321251016912,0.0501137495401144,-0.412286661691484,-0.10143009942675,-0.160080392855563,-0.417089224594599,-0.177111685008748,0.260259859388286,-0.362376038791542,0.456263826098228,0.482393700350331,-0.334725397066637,0.187653781201919,0.303521559521747,-0.52030761793481
"168",-0.0803004631026148,0.251396048521133,0.353356225728152,-0.575550893955379,-0.0672852909964269,0.00959145642159831,-0.449875803808411,-0.12289429580775,-0.12577088526359,-0.414765956006307,-0.180976266457497,0.245477216597437,-0.359403065418803,0.507585689653973,0.492119470622971,-0.286189227241012,0.201670971725375,0.279387761117768,-0.507145193977952
"169",NA,NA,NA,NA,NA,NA,NA,NA,NA,NA,NA,NA,NA,NA,NA,NA,NA,NA,NA
"170",NA,NA,NA,NA,NA,NA,NA,NA,NA,NA,NA,NA,NA,NA,NA,NA,NA,NA,NA
"171",NA,NA,NA,NA,NA,NA,NA,NA,NA,NA,NA,NA,NA,NA,NA,NA,NA,NA,NA
"172",NA,NA,NA,NA,NA,NA,NA,NA,NA,NA,NA,NA,NA,NA,NA,NA,NA,NA,NA
"173",NA,NA,NA,NA,NA,NA,NA,NA,NA,NA,NA,NA,NA,NA,NA,NA,NA,NA,NA
"174",NA,NA,NA,NA,NA,NA,NA,NA,NA,NA,NA,NA,NA,NA,NA,NA,NA,NA,NA
