date,ACCESS.ESM1.5,BCC.CSM2.MR,CanESM5,GFDL.ESM4,IPSL.CM6A.LR,MIROC6,MRI.ESM2.0,NorESM2.LM
17532,0.389699251185424,-0.13684262912594,-0.0517908537720596,0.0558077449806229,0.113129511348042,0.0537319612125723,0.442833209455258,0.480108721675348
17563,0.392684250783724,-0.139450616466123,-0.0506168319158611,0.0370053072538999,0.0910279412319345,0.130334646637032,0.454048274942533,0.47911673296111
17591,0.392684250783724,-0.13758155568898,-0.0517722444132761,-0.0208485283193741,0.0882794093386101,0.0880612237110569,0.45796948823969,0.470626381655709
17622,0.355834481443452,-0.131074289881309,-0.0590595128932746,-0.0437927130531983,0.0846503224217428,-0.00135206964256249,0.442884592797513,0.451603068814482
17652,0.188808464092023,-0.130625988388716,-0.0503670545865928,-0.0307413267394811,0.0876897462983327,0.0039661667702188,0.440763361074914,0.436153608590266
17683,0.163750570010271,-0.131808833376054,-0.0518560284090122,-0.0365799769305579,0.0728815495855883,-0.0040301610837334,0.442187966367134,0.407183675464805
17713,0.170188961645369,-0.133411861317822,-0.0582624389448573,-0.208332841813016,0.0698402491896296,0.08791041739803,0.444919087968056,0.401120531939205
17744,0.163228701446234,-0.129690789381707,-0.0583271390231691,-0.241201156040978,0.0707288998390438,0.0456307196058407,0.444758279711376,0.40065818980125
17775,0.167439607247741,-0.135756879315772,-0.0461829704200365,-0.276789694850325,0.0937875390703673,-0.116746117347386,0.434159395212277,0.393899346669987
17805,0.172760469392721,-0.189785273306988,-0.0502798823549039,-0.274682759308051,0.101546373389072,-0.125511419881291,0.438730074842033,0.389692554278529
17836,0.171788743015761,-0.191325429510184,-0.0580115036522644,-0.189109986291252,0.120215448795256,-0.0596195617781881,0.443626640719476,0.372657601255411
17866,0.170169639130811,-0.138105781183477,-0.0433555424746539,-0.0562709466699947,0.12281330727978,0.111090031342889,0.435897587836586,0.359571180548821
17897,0.173823605324257,-0.134904210537764,0.148557836239745,-0.0390873522262551,0.130696364924719,0.0942123385995887,0.434088553341976,0.362161671492767
17928,0.172755110881429,-0.134379495754309,0.208570118631967,-0.056474716686112,0.0885658309718063,0.0515019397720978,0.43587613464361,0.374457353290482
17956,0.173377814703476,-0.131235168462877,-0.059915370013083,-0.0383773026209017,0.0995797852966305,0.0799738282191152,0.431399317819965,0.376683266729377
17987,0.178136966075302,-0.127291790856939,-0.0579950662638687,-0.0582607861550536,0.102367052685764,0.135859625550406,0.423951160562281,0.369395694007823
18017,0.195836260935558,-0.184883176258344,-0.0577571497638696,-0.182951956123974,0.105689678677985,0.194200318411384,0.439318116434668,0.14291375781938
18048,0.201666683534058,-0.191099398312206,-0.0664555991983125,-0.0705496970172041,0.105513391052541,0.15219292207005,0.430272067516916,-0.0453188239954807
18078,0.187586085998979,-0.0911147372150489,-0.044254065314665,0.183341270273829,0.104471354889828,0.121500062441156,0.420569203211306,-0.0267514521480765
18109,0.296114540499955,-0.0960042791280143,0.102741168321147,0.252474469530898,0.10673912090111,0.116629087041027,0.420569203211306,-0.0350066428908678
18140,0.29242405897328,-0.127639404258109,0.0783466940605173,0.359245705076078,0.106575712980298,0.118529224322755,0.420569203211306,-0.0386762316723428
18170,0.29242405897328,-0.127887340293071,0.197331713208769,0.429533361545966,0.108382534226996,0.130311732222562,0.420569203211306,-0.0496398129209188
18201,0.301263491660467,-0.169361292016827,0.204584599736063,0.482237646171261,0.201098704459974,0.0154864082356585,0.425692840377048,0.0221579270356861
18231,0.300776083960598,-0.188635934438456,0.177060598903288,0.455983170417308,0.315944165536952,-0.191118499633389,0.450052926020913,0.284995600919764
18262,0.302177116258075,-0.18884034172614,0.303292210430674,0.446613395564025,0.437121913113043,-0.343277891874407,0.448067734677657,0.247243337866434
18293,0.306698565401992,-0.187042573437011,0.338248197899302,0.443137221047477,0.446350373600612,-0.351980905692076,0.44777100770013,0.247429600802982
18322,0.303025718283803,-0.188038584252413,0.316745419417741,0.440625983194509,0.368464795688976,-0.208055338232771,0.448077034552894,0.21252225194603
18353,0.30173147731415,-0.188537527767264,0.308866710735637,0.444537470934256,0.437198717765617,-0.271568301126703,0.393148690047538,0.214914851845325
18383,0.300943562504891,-0.187705078086109,0.325870143882847,0.446040789945935,0.486866166267431,-0.419152584081479,0.399864606339765,0.209821879032737
18414,0.317420406842994,-0.188200274928907,0.349984792546068,0.41687872105509,0.485988022943823,-0.414862882445715,0.424280510821342,0.208225516939969
18444,0.301428985616055,-0.197538189832686,0.304613339038568,0.400793458414278,0.224090416216204,-0.417842859949942,0.409397897801393,0.21460731340534
18475,0.197193462301707,-0.198474625949445,0.32289835773661,0.387639497901963,0.119524626546587,-0.414294478084029,0.399439937233269,0.179845659796372
18506,0.177702495602043,-0.195693695374922,0.380618070576472,0.380522671297893,0.00883397336124721,-0.417854907227181,0.415948421621537,0.161529973290225
18536,0.17492207485695,-0.194071921126944,0.315488511769609,0.29691806939553,-0.0553389040940134,-0.40690632878617,0.427755186841985,0.161235721777692
18567,0.190606942283909,-0.193764285806011,0.257306620088238,0.246636806087358,-0.0871660921892355,0.111954721960193,0.427095749945229,0.145987284738088
18597,0.204946605938945,-0.193272603543609,0.192374847560794,0.165826102083619,-0.166950264516809,0.163630409721567,0.444129982398471,0.0657071842270421
18628,0.221396817839599,-0.195218642746932,0.199479629002767,0.216574523733146,-0.198047497187937,0.164904491501365,0.442541061721519,-0.0532555790966709
18659,0.267106150039301,-0.196875072820925,0.17864131529136,0.233276323898897,-0.213453413350993,0.160809930472762,0.441262491951668,-0.0619118023915433
18687,0.274410763338443,-0.191767293061842,0.238959118691613,0.163377729096453,-0.150458053156957,0.16363322069039,0.436743907552941,-0.0880905732830646
18718,0.209824476615568,-0.191770460247527,0.254534735431701,0.102403006192832,-0.0702677110545662,0.108765365848928,0.444007458845661,-0.0875137033753617
18748,0.189478596941687,-0.193769261920306,0.161027050382848,0.0994710320659961,0.0334737222933996,0.054399947133246,0.434664572866183,-0.0497048403458135
18779,0.196249958700931,-0.190338863622041,0.109494489108475,0.098930539427921,0.0941123027025107,-0.16499838249358,0.439379639098192,-0.162160881536667
18809,0.20535355209797,-0.198254448362467,0.0980272311653659,0.124824895316274,0.120353835711331,-0.295958014088259,0.456672514992452,-0.182930304669678
18840,0.190132423458522,-0.199356971658165,0.116865476963648,0.224564317991801,0.115788903825148,-0.27178588272409,0.421427832623019,-0.183993500168169
18871,0.172103598504158,-0.196144001810758,0.134259913358224,0.247825729434378,0.261236682953262,-0.227950267042797,0.424878820533691,-0.203961608080203
18901,0.174653879832458,-0.194465757755971,0.134030441880732,0.242200742546719,0.269349033374655,-0.110229806244467,0.421872196432089,-0.2992601463537
18932,0.177911587112569,-0.135671118228495,0.226097639908735,0.247759108509444,0.19578379612186,-0.273197936002313,0.428256388711572,-0.37065059449335
18962,0.224118538662329,-0.127170719071367,0.222813011580294,0.278940134676113,0.124335700057708,-0.274248567195622,0.0170629590270405,-0.383178537660382
18993,0.276073707570783,-0.13498205466271,0.205245386358012,0.276594621748931,0.131984423856607,-0.260757331094313,0.3422772543008,-0.388545008860843
19024,0.20898821602316,-0.13443538617633,0.164839593328817,0.291065923619456,0.130186071154099,-0.264114442212411,0.349377143153949,-0.383058126722153
19052,0.21450659649808,-0.140755331876405,0.127694815339787,0.321030601840638,0.129550384320739,-0.307823207205583,0.349849408196111,-0.392044073622101
19083,0.214327747762208,-0.132876143231279,0.114709086118661,0.397253641666556,0.0528267149346392,-0.318939719802816,0.349635208031112,-0.399951931763211
19113,0.203434517613691,-0.130858164199651,0.115818250500717,0.376488702967803,-0.0974019346665441,-0.185441608926822,0.315216476322285,-0.41408841757717
19144,0.217206744570778,-0.13710047001425,0.17753180666808,0.321214078365074,0.0425885986144235,0.0447320318395106,0.318020568450506,-0.405288025494259
19174,0.197298710840719,-0.135493155139664,0.309604995822833,0.286772422671753,0.123979453117758,0.0927292409752416,0.422555068640259,-0.333906466591009
19205,0.219394627901255,-0.131379716369026,0.345980381756353,0.244676548207505,0.130639902481929,0.0810237817687754,0.431475671828706,-0.262370659548202
19236,0.169902146838614,-0.160007510877591,0.346444279929601,0.27254535925975,0.122162752284473,0.135586127876964,0.177872452073272,-0.159748587926109
19266,0.165446935585701,-0.197306823436186,0.34144614602865,0.396582657433774,0.12273976897345,0.123934904541952,0.182181245689451,-0.143775938143128
19297,0.153013261230768,-0.198874930490939,0.147299586265068,0.222226687043551,0.123382536378059,0.0419979522709131,0.183626183131083,-0.0845296851981952
19327,0.176769405524044,-0.200080281990746,0.176411367132929,-0.246821099142802,0.124889487273607,0.0200522819470159,0.173716807223818,0.0483711533910584
19358,0.175839345225451,-0.200078145948258,0.201435840425137,-0.298184346934415,0.133217492486078,-0.0176647309043991,0.172811952434011,0.0881663791805305
19389,0.140154102388266,-0.200483106295329,0.237250939836133,-0.277996611833103,0.132531086169152,-0.0615325247867438,0.172961190412861,0.0395711237134925
19417,0.152751278640461,-0.1940251855311,0.22430289654653,-0.32468319916946,0.12798142381681,-0.25433635835437,0.137259721958332,-0.060183286530685
19448,0.142369799245056,-0.197389070603544,0.248999787146376,-0.372402249978863,0.114723643353221,-0.348632217058454,0.191694644619247,-0.0423520983674696
19478,0.188870735441805,-0.197879112428168,0.298703247767863,-0.380331643059271,0.123975866168714,-0.391727103371454,0.122121327540503,0.162650764114601
19509,0.195956681313781,-0.134544925247877,0.26861227140866,-0.379768426554669,0.129515431540865,-0.0585773576912525,0.12163767707623,0.456963265761451
19539,0.204513918211518,-0.136798262637688,0.172973219351711,-0.383335314825896,-0.101014834776643,-0.117251531734128,0.150815436449121,0.46669449548226
19570,0.212993487037951,-0.131030133261784,0.188768602816048,-0.386206413258233,-0.318642227667509,-0.117225760945152,0.262420662260639,0.464361398261471
19601,0.182449375104336,-0.127810879894574,0.184119286426809,-0.403317572549629,-0.190344346434816,-0.0561605079126039,0.378591495949604,0.461008906134703
19631,0.320611792907104,-0.121915512017088,0.201928237390528,-0.405454649589685,-0.129257145159433,-0.114606989775665,0.376331253863103,0.463634391689945
19662,0.378901419406576,-0.094670975814537,0.206084972245584,-0.394422034417844,-0.14193323077153,-0.204353872282386,0.40903326463934,0.473530516183328
19692,0.271736306516198,-0.108134707659843,0.169907468788345,-0.394985404810844,-0.0903647887348331,-0.233484161110137,0.418058914566387,0.474899959370523
19723,0.204496300908582,-0.0789610439859827,0.284252110331461,-0.39460176902598,-0.0132607278852579,-0.141476922005028,0.421099439737131,0.465012812228368
19754,0.230245758771637,0.154044591527143,0.244353868197328,-0.398049096957349,0.0376693177514298,-0.0272489267631495,0.422296958788805,0.465550604448136
19783,0.139375032961056,0.323567468596045,0.155098038384493,-0.391343539588284,0.0840208957392264,-0.112991327425479,0.421299205425873,0.46600860182944
19814,0.242617852285895,0.376751600300546,0.100668996465343,-0.361142240242983,0.0230981631037776,-0.0831950725120291,0.178129642273953,0.465304720393105
19844,0.252125571629365,0.343441666926231,0.113805181517727,-0.336569241759601,0.0181618842489927,-0.0128182824721588,0.167235174802004,0.441601160016268
19875,0.0326918257639493,0.351223383102908,0.146238748083575,-0.315179719699968,0.0342817815537852,0.088950935852691,0.181325725874957,0.462258142385712
19905,0.0221664150473702,-0.108015366004382,0.223767684664037,-0.289092553652782,0.0412930771508152,0.150492080334386,0.183536733111272,0.468848429022196
19936,-0.0227908822539288,-0.0617544450417997,0.187815167873134,-0.256177710797216,0.0222108176584943,-0.101985993291955,0.16647075724684,0.464282955855201
19967,0.175332840307387,-0.0833477687736134,0.334063564061612,-0.201202245466275,0.0504596680687491,-0.121115952201645,0.160194027142429,0.481242177220145
19997,0.360593624356574,-0.094996204019595,0.444892811128344,-0.0815650571305964,-0.0614808990332469,-0.10075306029524,0.172555675272142,0.499462643134274
20028,0.0853569609533466,-0.117702146284546,0.476629192679475,0.268076532054715,-0.136768685787783,-0.125456569387361,0.20333401955639,0.483117945935614
20058,0.0673509452736688,-0.123312708411484,0.00855154353217628,0.228901662447083,-0.173623013382069,-0.213361673393092,0.424976503126379,0.476542544063093
20089,0.161142588960279,-0.127431965451997,-0.0174811316784636,0.263597830481318,-0.19380882889817,-0.0833961658002762,0.425125323919904,0.486246001465432
20120,0.349120214420209,-0.125332843939921,-0.012494296201798,0.301182694924253,-0.192459272729144,0.159812200240046,0.433542767668257,0.467572972564931
20148,0.235888211835123,-0.124085527813107,0.016708699346237,0.304515511102187,-0.18392600506172,0.129520055229828,0.443961642479363,0.46976018336412
20179,0.22994783499151,-0.129906917643416,0.0384393094835578,0.365820999427164,-0.172826984302881,0.116439635632577,0.451414044672163,0.473700605707342
20209,0.409769987421629,-0.181728838110154,0.0452134069217235,0.409627945444434,-0.156223656065219,0.0606521298390227,0.42545775376103,0.487746111190947
20240,0.355074546940668,-0.184545114213297,0.0371673002360798,0.442549907019876,-0.140225671488226,-0.00575094762842829,0.417839061191012,0.484328312934646
20270,0.212651096892342,-0.161760051481957,0.012710905438373,0.445651732883337,-0.120039765841557,0.00969316555758993,0.143075166239138,0.481707915148027
20301,0.191481592600751,-0.129496838342597,0.0174968399727975,0.397060566605243,-0.0722778811306342,0.102768749503043,-0.0379277778630343,0.471265385378691
20332,0.14735258057507,-0.129356737250284,0.0192126208320446,0.268052290915354,-0.0790026645420935,0.0835445994474171,0.240815464130299,0.459005529053131
20362,0.0897456223568521,-0.131130780468686,0.0198921215249813,0.182076845946801,-0.107786223329189,0.0235314437089492,0.239918033166568,0.446299752026864
20393,0.0263773904361259,-0.113757517763572,0.0197207501467568,-0.106357207656436,-0.134607542079358,0.0992143319464776,0.199932907021769,0.437772087306815
20423,-0.0797817390037807,-0.122110217032524,0.0171977580939561,-0.215892287046409,-0.0560626185889389,0.171884064685242,-0.0661432400285495,0.4258281814832
20454,-0.0563686651221103,-0.121864266268945,0.0162424392054618,-0.198506299714547,-0.0684784541926446,0.14732387998879,-0.0735623792335455,0.439578929068488
20485,-0.0583191869457917,-0.144696995061785,0.0114359664295099,-0.187578525142489,-0.0915748625289363,0.116382891351531,-0.0689663992219843,0.433707528600484
20513,-0.0258805732679051,-0.104329671244936,0.00355919304272065,-0.237335823208468,-0.179451601607907,0.160923216516547,-0.0796193414861995,0.421051757170698
20544,-0.0408431146139295,-0.104747404276587,0.00277454685306588,-0.255553356512023,-0.2076156546204,0.183353676713941,-0.100570573604229,0.426506877142047
20574,-0.0608962776969855,-0.13430088565758,-0.00611725785771611,-0.244882937739795,-0.328134076861943,0.223484345425932,-0.19689261952237,0.442309146603663
20605,-0.0684008332940736,-0.129932647325497,-0.000585556436951662,-0.175194266672026,-0.274889389794205,0.220915719755235,-0.272999499030986,0.462551515398231
20635,0.00177772477190004,-0.205820593514823,0.0016217181216337,-0.191835414469063,-0.183691854316429,0.269024957705729,-0.170703687694925,0.466096234940646
20666,0.018655460063679,-0.214226118796241,-0.00046319779609853,-0.193326834088329,-0.221211265764205,0.170647616809703,-0.131490356031869,0.478661139527881
20697,0.017092621253016,-0.216826737303042,-0.128266683865152,-0.193449634866535,-0.15287989490241,-0.15790488886395,-0.126096268693544,0.496369522031688
20727,0.0349790087729757,-0.217040579396007,-0.087409580019858,-0.242384977595999,-0.141465180976999,-0.300160335319325,-0.1407412601293,0.484704655702951
20758,0.0399685411122239,-0.21750153191263,-0.131764724624787,-0.113280686926909,-0.135740264036774,-0.307660058607251,-0.150344703538103,0.471499524397817
20788,-0.00694477970434033,-0.217931921985746,-0.111588394100642,-0.134968692031826,-0.127643947289564,-0.305210645561979,-0.190531257713849,0.483709554773241
20819,-0.00718083390711113,-0.244930659858899,-0.104334158155956,-0.173478507768389,-0.0469610314893619,-0.348421149458022,-0.22207760679931,0.505582108271682
20850,-0.00943260442772713,-0.141906158155145,-0.104090916632898,-0.221436006531032,-0.0743758492258175,-0.342085010050013,-0.201783329065926,0.514933408762026
20878,-0.00904838802482052,-0.347773080250834,-0.103761572717937,-0.232651670292742,-0.0630290009801114,-0.311582829421381,-0.179550504482384,0.509478718537455
20909,-0.00890512771848988,-0.316400952883852,-0.0951143911054407,-0.231763325865143,0.0100329173947957,-0.339893291289329,-0.184249779908371,0.526341313191881
20939,-0.00112264785071864,-0.341522979825775,-0.0874509003729396,-0.247397955893117,0.0835660144043263,-0.0921498323175406,-0.211067337461953,0.535212632189484
20970,0.00931285673097796,-0.339408099359248,-0.188782232667554,-0.258969779186395,-0.0248814345271817,-0.0623908413652677,-0.41856092993274,0.514912821178678
21000,0.000480310126225347,-0.267914446791051,-0.217932133920684,-0.276730918571748,-0.260899625262406,-0.0760037847739719,-0.417674331015535,0.47113752659695
21031,-0.00130123685776697,-0.347640862276655,-0.138532550878562,-0.271689965465874,-0.285533948826018,-0.0879697558581341,-0.252121378180068,0.462048023922974
21062,-0.0836178368328468,-0.333166278014109,-0.213040863623057,-0.140461044854941,-0.371115545079909,-0.0865330715966986,-0.28526172336417,0.454866773515365
21092,-0.00488022862816345,-0.333493266972406,-0.199234818888123,-0.106210776631828,-0.370882571962861,0.17904629378635,-0.0191094516547318,0.454687581900246
21123,0.0602613417795391,-0.339887911510107,-0.198978671606274,-0.205179478490995,-0.352851184922008,0.147066184101925,0.0156202911049691,0.454595411755251
21153,0.0492847996715294,-0.327825369607803,-0.202045548112812,-0.211875177822566,-0.191977324650497,0.21500088130427,0.0771863534940542,0.454689462835079
21184,0.0687490596475407,-0.339497035202863,-0.199089971196504,-0.218306011792862,-0.115520916788695,0.249126506594837,0.0766290257516575,0.458397866259239
21215,0.0723297341422299,-0.333489890778661,-0.197603482655426,-0.213022624454621,-0.154500026932218,0.255103969466631,0.0800263748609791,0.439493648373824
21244,0.0724797070402856,-0.31129761034261,-0.222006410256834,-0.221597053945426,-0.273923896929408,0.227468221863582,0.469184159890457,0.426931670251231
21275,0.106707469716101,-0.282858189995783,-0.224475134799253,-0.194426397760502,-0.212364689172171,0.123222253428481,0.475639670301084,0.427718644908403
21305,0.110446251655199,-0.232768174461021,-0.153502203561525,-0.121828474542572,-0.0749162556741721,0.140806443922092,0.487144881930558,0.405517006908217
21336,0.0425302239851374,-0.227718422854336,-0.132559402617584,-0.176928459495429,-0.0202621276624019,0.281505368951937,0.504677764740733,0.429793633366049
21366,-0.00560609470920799,-0.225920922218628,-0.133222202179096,-0.132893444502162,-0.0198376587379715,0.214240988408642,0.495457742046102,0.425813499096676
21397,0.0185857402944649,-0.224839047760227,-0.134984818755468,-0.0976135607773206,0.00428331850829369,0.191105870086053,0.492644979894041,0.2853314253275
21428,0.0205421575323991,-0.22172624349294,-0.122957074190958,-0.0798558280476661,0.0141977689971234,0.148937186753036,0.49404113737559,-0.0287349942479941
21458,0.0476398570559394,-0.22372860252204,-0.0552760938011635,0.102707099524488,0.018375401832679,0.320744154237897,0.362248461807085,-0.0401545501485277
21489,0.056204640089005,-0.206735187706777,-0.177444184975769,0.296413560465524,-0.0146272976296312,0.358711703755711,0.333679109222319,0.0628123525332679
21519,0.0786149273232188,-0.199125236781627,-0.0251939106978912,0.316551783188338,0.0185403609100759,0.354537561985375,0.358174211426844,0.0279786095655494
21550,0.0189965417440773,-0.198733940357164,-0.0406810751755295,0.309412166035669,0.0375007857023366,0.332069774012752,0.375234504580911,-0.0780282967701139
21581,0.0726869217943489,-0.190164414982103,-0.206729287445725,0.328954029197598,0.158575378750773,0.329903422922308,0.364318973273453,-0.240611873406291
21609,0.0765720332376457,-0.193158470023269,-0.216661498648876,0.324141847426144,0.173620237635334,0.136744638943622,0.380257635243451,-0.24177609223079
21640,0.0854299999318937,-0.222600820939997,-0.212514298576899,0.357151253532223,0.161731690582717,0.0688914670857998,0.327770474205889,-0.242756776678531
21670,0.0852208076936179,-0.227442356865048,-0.218940198850721,0.396363014435611,0.118028761424022,0.0968617397442466,0.357203538164477,-0.175617224481921
21701,0.0369226661209087,-0.204379331098324,-0.216179734590736,0.411052801349046,0.214078571267124,0.0790064593907682,0.431783184040851,-0.154220043275446
21731,-0.0075390762060161,-0.19545036683641,-0.216745205007542,0.390854046052344,0.293513972985025,0.0581777855760925,0.314713838277365,-0.224864119454329
21762,-0.0611523636994038,-0.186510807469494,-0.224578714512409,0.422835534898647,0.0668678366516151,-0.0061771260471511,0.289200042987066,-0.28416825946238
21793,-0.112451602857351,-0.175535881511279,-0.191650076118888,0.401108504672969,0.0428267364635956,0.0337777259735945,0.168726173865224,-0.27881338846148
21823,-0.110324733638515,-0.130998000259918,-0.125213521901566,0.165962410920675,0.0269625725030244,0.00997159104514009,-0.0441179387197974,-0.238179574732848
21854,-0.0676952944283988,-0.135873288396202,-0.053529354570542,0.0862361010086516,-0.0557877402594745,0.00478199953768161,-0.110042735757046,-0.283044679133291
21884,0.0038611972383114,-0.124254472886779,-0.0592934084348014,0.175901260811498,0.0495489917760799,-0.0971104749211415,0.0509718258142053,-0.349660721891283
21915,0.120798056535902,-0.122728019999768,-0.150221355467242,0.220418629519859,0.0385987588696859,-0.0322612902617098,0.0443531628139632,-0.342505563785156
21946,0.086438842456746,-0.12241741468052,-0.148479982584594,0.112350369071404,-0.0911769410486485,0.00413140996322085,0.0486967215797815,-0.334545637057525
21974,-0.155828830317742,-0.123585294911991,-0.132249091651233,0.114694738255487,-0.0989432978966881,-0.0625972302954828,0.0476150830249952,-0.336666041894095
22005,-0.175166004318272,-0.122103986854428,-0.143038196048769,-0.131370131054206,-0.099479213428086,0.0341457172258303,0.0570122184423814,-0.329715842425419
22035,-0.199171647030261,-0.110349615059998,-0.150278706893933,-0.138088197078865,-0.0913557628549977,-0.0122734624412762,0.0953350426128752,-0.221703415836391
22066,-0.189369185168465,-0.0928606416974039,-0.128282770354116,-0.0848437172368716,0.00256908559633611,0.0307578898540337,0.0567764839542837,-0.0804442833668612
22096,-0.115995118227604,-0.0875236152188136,-0.0837131607823282,-0.0603021491929274,-0.0575026407247378,0.0914393056041631,0.0542992269898604,-0.0427001237645684
22127,0.211249484586817,-0.327793003975707,-0.086428064296286,-0.0882535832325505,-0.00356345425184163,0.108954117784032,0.0487375799983957,-0.0304607247610664
22158,0.227663151181565,-0.337735248509478,-0.165128641493812,-0.0997263960261717,0.101514435982337,0.199729389455012,-0.0043237850358146,-0.0344918464692217
22188,0.232886238374173,-0.374865730077017,-0.181880234287258,-0.0945503999569451,0.264047743886651,0.233411731339067,-0.086012674937248,-0.0323803265426705
22219,0.196975254739654,0.18521733416287,-0.121773639522981,-0.110299319505643,0.245190403489939,0.111481410889195,-0.147425748692627,-0.00789838565540033
22249,0.116754697750534,0.300636881982302,-0.101969001450353,-0.114317953382644,0.0499392316865894,0.0441531219346613,-0.241583841433341,0.0216711203801135
22280,0.180402477273509,0.323200664261211,-0.176723637102533,-0.113802444172746,0.0497510079572899,-0.00804430259236622,-0.266034601221371,0.110787159417647
22311,0.209792931142579,0.374936908348307,-0.119055665140194,0.0781046893705235,0.26132367192483,0.0157210728791505,-0.19059665093006,0.0920301051063306
22339,0.209824563670916,0.392781841696183,-0.0945909265296993,0.0511088057841502,0.354032887562579,0.0253944514268806,-0.197746359006079,0.121515383576788
22370,0.153237500673399,0.404693059361982,-0.180703365089762,0.126344960034113,0.350290610307413,0.110336956289698,-0.270836890009817,0.126193855144038
22400,0.0816117494701356,0.404116086213685,-0.184871116033268,0.138925908711051,0.289932818335339,0.256136979295388,-0.395499473957445,0.0960388796521506
22431,0.0214476713042719,0.41790799365198,-0.165178240124305,0.0251863722025123,0.137372788594102,0.242332150475018,-0.241788482392823,0.0665541029625291
22461,-0.00204385907010477,0.353287178680855,-0.219018222018896,0.0425283938057969,-0.0420134401378782,0.329043093658084,-0.230673154519183,0.0662158357140215
22492,-0.105930418647512,-0.173651126798664,-0.21596559914067,0.0878854848348204,-0.0477295038037201,0.349820964607348,-0.235332202192039,0.0754656468028322
22523,-0.173945170835057,-0.159017071518965,-0.103791558442349,0.0858210110535053,0.207944242388617,0.33057228660078,-0.213714958736624,0.000507311444665998
22553,-0.162290600622101,-0.226740810919511,-0.092694915183135,0.084777940913566,0.33315215844496,0.310576178528374,-0.257194017583976,-0.0526084213681983
22584,-0.183855167878903,-0.211044228440191,-0.224352802523709,0.0869458258501307,0.345842537415978,0.202001157062258,-0.222927123744848,-0.0701398100104582
22614,-0.139007996290092,-0.207769221322605,-0.22784539260201,0.218936528433558,-0.073652323627274,0.238942452952533,-0.224669246340087,-0.0912536493116708
22645,-0.124236364014639,-0.204146637705601,-0.185390163387586,0.201507885518724,-0.0984848915282192,0.237835038116543,-0.346228973483799,-0.121334399996115
22676,-0.158440573340224,-0.198472656258613,-0.109091775790582,0.233034670347747,-0.0674542889398405,0.24164335088845,-0.364922492684979,-0.127455328746973
22705,-0.117763477756178,-0.197005152131559,-0.184733639585695,0.245896067648107,-0.0600215085929748,0.190040252439797,-0.362580100780393,-0.1554132344203
22736,-0.0778730067517413,-0.188441760954608,-0.0849758382601488,0.227957854455199,-0.0642283045632574,0.137119348384278,-0.370528140178049,-0.145661335045096
22766,0.0547949852802403,-0.182633572496314,-0.089166439357181,0.238540367066514,0.0106147821649482,0.120045120675132,-0.370241791545657,-0.138789009199373
22797,0.0532908243965637,-0.128823799501118,-0.218994015118334,0.277310533133715,-0.0892096670219377,0.0774682706730464,-0.405689015564327,-0.104537309324653
22827,0.0819881563858509,-0.127259917347907,-0.222531470664267,0.295261610662686,-0.104143951959388,-0.0768256033816253,-0.410501762917772,0.015968048784595
22858,0.120885251926158,-0.08411838389329,-0.226427173859164,0.303268507344908,-0.11313689558368,0.0541032499010897,-0.409450178072285,0.0235740488554762
22889,0.155922908830473,-0.10982797970046,-0.228897224829118,0.329129596703656,-0.217196305697952,0.131378993086705,-0.408272719713809,-0.0803001522538267
22919,0.0699893074601607,-0.116398169035588,-0.227044625726238,0.365000626921297,-0.239535724333294,0.00548393156642254,-0.373132105510503,-0.102560206139113
22950,0.0527683935971244,-0.123713851169439,-0.224622088636778,0.382332018126621,-0.263650913078141,-0.00951533698115412,-0.371651353078929,-0.0967547568258427
22980,0.056914856740388,-0.1233135428252,-0.183792457334838,0.384402315505882,-0.231611592508198,-0.0622939630694395,-0.296119143652414,-0.126909481910997
23011,0.0751926975017484,-0.1233135428252,-0.183792457334838,0.36660787113251,-0.146664233336898,-0.0197142472119965,-0.244382975968182,-0.0987005662142752
23042,0.0733443574353403,-0.126872488914992,-0.227416488302291,0.360377450805569,-0.13966857653291,0.0471647317514967,0.170185179393828,0.120693167235651
23070,0.0739797227601537,-0.126900334778962,-0.228891021408631,0.358928526996002,-0.119335259178045,0.00955062879396706,0.14716546482522,0.197767540623943
23101,0.0437440764904453,-0.124090479716259,-0.228973724801783,0.382486530637695,-0.0464758978909677,0.0176726327128194,0.261233379616466,0.196904786354098
23131,0.103490854437519,-0.124717759608141,-0.227855162386845,0.381139087507133,0.0303704042970316,-0.0335796144689031,0.254756210295332,0.270292315287017
23162,0.188636942026992,-0.128666120137366,-0.167756779686099,0.380754512316155,0.03750607134129,-0.0430790438448014,-0.227189288689027,0.421858129426975
23192,0.474500219480757,-0.128576759796188,-0.173614451082644,0.381223971170438,0.0206542423916563,0.0181090951925394,-0.199608491143845,0.437941265030646
23223,0.191554515844927,-0.126210395156385,-0.139489283443523,0.382962961686261,0.0245893615612607,0.00697536790217461,0.255228136878622,0.427551070683494
23254,0.0606101049963726,-0.120448923333258,-0.138903698960548,0.411902686833308,-0.00666280944846748,0.0849356663816616,0.29028510439944,0.434214187213713
23284,-0.382444843775302,0.359233543057218,-0.1675868337248,0.412389453290748,-0.0098012735119042,0.0927364312678965,0.306372134474562,0.442806085131469
23315,-0.432722570440763,0.376356647377311,-0.182501536161343,0.358729661851894,-0.00731050466568693,0.167930974471121,0.307281206518592,0.447490780336132
23345,-0.436215024806953,0.378511176444805,-0.179063689021767,0.304464555954714,0.0216388141758699,0.174925215226772,0.363693012017676,0.430993385650967
23376,-0.435218144943943,0.390591611408998,-0.219391662545266,0.312055787882141,0.0301360781154945,0.167498085715072,0.378385535152907,0.430380348452858
23407,-0.432698325230226,0.388952692312181,-0.112479251360031,0.373301506271592,0.0697568015282486,0.091800149118766,0.370666105530702,0.44369251171809
23435,-0.43280402654832,0.388027918653515,-0.0994279731237528,0.407731230794199,0.0682888173056282,0.177076993001441,0.365947369284295,0.444231758384812
23466,-0.430221821305106,0.22656002951119,-0.0892253613312966,0.410754096413748,0.0354249658626981,0.130845161696304,0.355186037359885,0.456159783118033
23496,-0.427233934919158,0.203705035189875,-0.0442689509397625,0.411802352122901,-0.108637252269976,0.182003021812618,0.354250590026926,0.477088872922064
23527,-0.424953977019463,0.175826559692222,-0.0522021388994932,0.412981873719496,-0.0511866571481174,0.176132265774637,0.348705557535783,0.461883550415221
23557,-0.419831764637064,0.20447024427133,-0.120512092605441,0.380271621084131,0.00266143842613862,0.17067835930855,0.336319510537209,0.401747580764816
23588,-0.423661474951425,0.196803062856159,-0.173179281893389,0.393221559475321,0.0174235809066753,0.163928881601579,0.28780494170723,0.302919493593445
23619,-0.426189145558668,0.18112608014945,-0.184881869670151,0.245034262084819,0.0985642860677415,0.0897272781646442,0.00235605306708374,0.0319258539050788
23649,-0.39005330140462,0.172341664626272,-0.199657841653964,-0.0825755448509884,0.0978039991321725,0.0390816926712158,-0.234736745349673,-0.0685508924286844
23680,-0.400781395407338,0.329319968571358,-0.184158875825815,-0.285545564827917,0.079840932698908,-0.29366345182327,-0.223467253932242,-0.0986908544532317
23710,-0.407013271904172,0.38362253259954,-0.188824578689389,-0.310856537854812,0.138182192506192,-0.0289392203379022,-0.209303592226389,-0.0979846313247219
23741,-0.401528650222719,0.393169008519686,-0.199360935945244,-0.274924776445395,0.0783147485466226,-0.0103364019252076,-0.214053233931238,-0.17300331287804
23772,-0.39896596445307,0.416870677272273,-0.197562174506676,-0.350398291178286,0.0576097979108081,-0.0172209321187727,-0.218655549598916,-0.166489075037551
23800,-0.399575994950925,0.417651724453159,-0.197894852461061,-0.360122464160504,0.0698050946887601,-0.00603047220048688,-0.082390731623087,-0.153732783717601
23831,-0.392629291399383,0.417727939089354,-0.199178480166501,-0.393220897603749,0.0881161096652399,0.0292861227090243,0.332380069533397,-0.14665837033462
23861,-0.341417651694431,0.430635902746516,-0.238859406685058,-0.418769863751807,0.0138752313366951,-0.0627250997020535,0.413511529332783,-0.18644768423572
23892,-0.316152561211885,0.435398305170475,-0.249704779153879,-0.420330687567924,0.0221675226329595,-0.176061704797471,0.376172086267575,-0.134908506047917
23922,-0.30122308973765,0.427647332192418,-0.219644726983649,-0.428088892986785,0.0140665403778435,-0.145479972033524,0.294617906091314,-0.109250874332141
23953,0.000449557076827647,0.430563037556713,-0.228397778767564,-0.412386637213421,0.00994053387090282,-0.118681238297635,0.274749449342566,-0.0804272032609505
23984,0.00808887669037055,0.410263230695036,-0.222531010729703,-0.382739434373714,0.0189666230727552,-0.17950397301899,0.274832181550195,-0.0633468680216916
24014,-0.00651868626729185,0.350420209515943,-0.223398701504449,-0.290477683847095,0.0278914940556685,-0.145381205369063,0.213933454998032,-0.0735079657202744
24045,-0.0127454618104165,0.40826291970239,-0.205707653483273,-0.272545511064349,-0.0252700142788157,-0.0183195792632827,0.168129841377558,-0.0695635745611621
24075,-0.00366717007469072,0.430341543633137,-0.21520444084611,-0.297173373487704,-0.0641664337304885,0.0275063175144411,0.177713207985554,-0.0538165008175617
24106,-0.06851768379895,0.426145227784284,-0.219914999604833,-0.276331576307191,-0.104600786200839,-0.221058898551972,0.21429293135844,0.00207697120235038
24137,-0.15963991638922,0.36862115819972,-0.240188226707127,-0.222546987745614,-0.108332618340638,-0.238910496691362,0.215859322279652,-0.0905878543555185
24166,0.00726252811665902,0.379557858136164,-0.243467149217776,-0.224746499166742,-0.106385048247149,-0.240034157036577,0.216082698790446,-0.0984097867909905
24197,-0.00487270236278477,0.375457111739003,-0.248040894521641,-0.218741186097698,-0.103779953798028,-0.21614805374279,0.172373060335942,-0.0632071158990631
24227,-0.00827501790672383,0.389186713854106,-0.250103504264225,-0.21751776407596,-0.099401549944627,-0.162445313706676,-0.0463443049877877,0.00870563958434687
24258,-0.0193275562403912,0.374761505826999,-0.242780125893922,-0.221353780186893,-0.11009091102382,-0.128076065295411,-0.223284812472641,-0.10893264034611
24288,-0.00869178825837076,0.42154970860599,-0.246571903609638,-0.2204838345751,-0.103778767978115,-0.143307387718791,0.115836206141425,-0.113246297503366
24319,0.0310290473652754,0.0319752617987538,-0.24411873755556,-0.204721494965474,-0.104082389844927,-0.152677679282106,0.12923602112934,-0.10333768765798
24350,0.00635193725021552,-0.0603348217255646,-0.279475880949946,-0.153476933088494,-0.106250987928166,-0.162664856374963,0.280175155921827,-0.10041544968535
24380,0.0061126623106637,-0.139848702666001,-0.280984542766411,0.154044847135004,-0.0945033539236209,-0.167388899450039,0.262419960993623,-0.0980749664930744
24411,0.0190550065359158,-0.124220874736589,-0.284671542687719,0.186819949046567,-0.0798204317693211,-0.305748234034445,0.282404554688722,-0.10688903581645
24441,0.0236712307718489,-0.147903956581161,-0.286017365239066,-0.0489068853045636,-0.0706466693333592,-0.286036637731777,0.288535921288407,-0.116311915978389
24472,0.0421391156800372,-0.19517412048123,-0.285719854281559,-0.180981827251538,-0.0697623173728911,-0.279997529181619,0.290086159824608,-0.236320800254023
24503,0.0578304660676984,-0.218759739923097,-0.287135293837402,-0.21276549987119,-0.0695915150559422,-0.280209821190644,0.29848739992774,-0.221980671715372
24531,0.00539659325842255,-0.220796255625893,-0.284454287432622,-0.210739620403118,-0.0572564149345182,-0.241722130384511,0.298764601419344,-0.212402098362624
24562,-0.0141134530266387,-0.221798568979473,-0.285761467249845,-0.165271625312318,-0.0685689833325755,-0.257554731865495,0.301502267333864,-0.200685173827372
24592,0.00895963301774639,-0.311600606284959,-0.288423404641387,-0.132718629695486,-0.0624508243740846,-0.264883451968894,0.294960479685872,-0.223179431113052
24623,0.0384974522114472,-0.358965696520258,-0.285562884259926,-0.133077935726556,-0.0543093651960504,-0.27750512939144,0.251178239801411,-0.25352826100111
24653,0.0306734940799258,-0.298249748281228,-0.2824789592432,-0.129221350406758,-0.102094176050411,-0.319886713636958,0.173522781174653,-0.250114304920056
24684,0.0697565636174596,-0.262856617432762,-0.282683621640218,-0.143504635059126,-0.112969766886384,-0.172342695983121,0.146862126866343,-0.236672947713835
24715,0.0822937337008435,-0.220418058699496,-0.256281529988935,-0.149259164112723,-0.119032643008682,0.14731025744343,0.11572907904082,-0.237789269034242
24745,0.0787399896146685,-0.222430459863525,-0.251434215264981,-0.195241654984402,-0.1490657693376,0.101663276224109,-0.337889789517629,-0.230539858721585
24776,-0.0711438891858742,0.322595881293715,-0.249309376495601,-0.275570496947438,-0.155196119946828,0.0840425411774482,-0.304098030288506,-0.234120660448118
24806,-0.137106105800793,0.340752161597531,-0.233625088299218,-0.305407163738586,-0.082939036828261,0.140207745293534,-0.29347195004023,-0.2345290961381
24837,-0.13229734716,0.350213009305295,-0.237115114469458,-0.33110555451827,-0.192334952479696,0.207205643450056,-0.29955816430861,-0.223380349572291
24868,-0.129308852398488,0.411717377780655,-0.237308039215444,-0.333959116409172,-0.111141931704057,0.211272449814581,-0.299050324254336,-0.219635551392894
24896,-0.155607375262739,0.418490533979466,-0.233567824414821,-0.355079272421269,0.0338910900213748,0.207460122665512,-0.304827912197379,-0.228748541980918
24927,-0.132877522015339,0.363070828544938,-0.224592466677991,-0.344760543112566,-0.0032005982759914,0.207460122665512,-0.291133112262685,-0.234344303267225
24957,-0.111540052214023,0.416288501535239,-0.223639662355207,-0.286659185928691,0.101819616402722,0.205261406252111,-0.0629110594951278,-0.232929670173948
24988,-0.111599021232975,0.399989790991919,-0.234391695140646,-0.302493673783044,0.119164578734034,0.0473226367476402,-0.0658164436928127,-0.207602021360879
25018,0.0282901022553739,0.408665301766264,-0.236877877902363,-0.30644123171206,0.0804549074232921,0.0214355267600339,-0.136901509376469,-0.113951982047642
25049,0.0317623763700175,0.412866356121354,-0.236863650407024,-0.277129965153425,0.0341566087316151,0.0171919884276357,-0.000454154880842118,-0.0839514396906004
25080,-0.117671067952611,0.41512296287437,-0.227105291675667,-0.105979365117672,0.0436180945609669,-0.0814555564000339,0.0297047928976311,-0.145025269395035
25110,-0.00257243986807178,0.404934799168222,-0.225914635024223,-0.266527507682253,0.0425223821372959,-0.15848053210659,0.0847050414903636,-0.241432401747862
25141,0.0256572834683596,0.433383063060947,-0.230927916616388,-0.295731194987245,0.0967588817648299,-0.338529231700885,0.11881846838169,-0.25044954408927
25171,-0.0253412247036846,0.44122299792369,-0.233482108894463,-0.287256070891718,0.0368992899290838,-0.325825634703287,0.164418208637856,-0.360136507788008
25202,0.0928509950474314,0.43340485301075,-0.238551886259835,-0.305273934757069,-0.0135792833634425,-0.332915160964327,0.158018632130111,-0.338986438597467
25233,0.115220119825511,0.434544073924521,-0.238521616683276,-0.305195253009884,-0.0371716260744966,-0.284518211120716,0.162417024897243,-0.354198388725693
25261,0.193353739364148,0.439437180409356,-0.236669551230959,-0.318971294848668,-0.128779010238099,-0.280122320209914,0.156198809537647,-0.363381845862758
25292,0.207376811813877,0.426238153216608,-0.246553556946084,-0.307506101738545,-0.0919757386812723,-0.279936122712128,0.129526754561046,-0.359276115541365
25322,0.228394594825832,0.426077455505121,-0.244552593101138,-0.288023823704636,-0.0862836732597414,-0.272070807051922,-0.0621178315191196,-0.305363108564661
25353,0.15725003824383,0.434413124626665,-0.239473850067432,-0.232588430296447,-0.106222964958935,-0.280909203192088,-0.255438016702543,-0.257882232532156
25383,0.0830015234892533,0.434896662055426,-0.242031457989732,-0.21024738894908,-0.033155452103361,-0.301143918225402,-0.247666355827358,-0.27292335752645
25414,-0.0470453756378902,0.430201942155865,-0.258368374999826,-0.253869205317694,-0.0238361173252891,-0.0243922949749687,-0.330525213413949,-0.213863027488669
25445,-0.362091155595128,0.408770830944367,-0.279433559085927,-0.226955667511537,-0.0254219547341854,0.0491844020855318,-0.323544459919088,-0.184191636298257
25475,-0.375231462904504,0.40757190118749,-0.26594333531616,-0.205528415844011,-0.0668441124229156,0.198267991011004,-0.336310927958073,-0.104118799597669
25506,-0.411157700325728,0.408926831105844,-0.27024356870855,-0.102042282877739,-0.0568915832850349,0.167701898273807,-0.266982951067299,-0.141081385276303
25536,-0.417100063798604,0.410961568045994,-0.271860928135072,0.21489223693925,0.0864259326225668,-0.0129893294354358,-0.196702754251096,-0.0779562060961367
25567,-0.415900897484906,0.401949048445631,-0.278379467893757,0.387170757755513,0.0879486766434579,0.0406802597987135,-0.33532194093558,-0.0708247986802093
25598,-0.417188146637884,0.407088520994958,-0.278662949012571,0.42951392245405,0.0839380965567312,0.0184630617168903,-0.296787311456639,-0.0828001319079513
25627,-0.417192806190384,0.410889134320078,-0.281070809749452,0.449022709924183,0.084686307217877,-0.0308831481454428,-0.225676024345698,-0.0817885574700984
25658,-0.417407737494628,0.405621445762653,-0.276410888890737,0.45407355448777,0.0873553828157413,0.112850588789279,-0.129774372924129,-0.0900718472598471
25688,-0.41470291168678,0.300444595609358,-0.274249615357294,0.448918405310019,0.085278865706698,0.338682496550257,-0.17964128696898,-0.0685965767837116
25719,-0.415268586081364,0.301301862646273,-0.273449431471399,0.441864606760876,0.0915305266283674,0.364959862920797,-0.232642360208667,-0.0726659498465202
25749,-0.415745210372814,0.307292817428478,-0.26787794427995,0.173757654265477,0.0882132259556038,0.203838305241708,-0.229253690804113,-0.0780709792306462
25780,-0.416136757639559,0.305065538889839,-0.266595195245347,0.130862909110292,0.0836857383003557,0.166739339142223,-0.232215198097632,-0.0890365950828067
25811,-0.41629398767843,0.28071633744344,-0.260176381871664,-0.0107335125771413,0.0881515908797678,0.130436854139106,-0.248666413990198,-0.103992429460088
25841,-0.416709182914109,0.297203970258542,-0.253771323211541,-0.162056421472818,-0.0814369342046015,0.175336902791977,-0.127225821036177,-0.120063638555783
25872,-0.4151356144088,0.234407517446313,-0.253067642775392,-0.202035743360769,-0.0826880676305774,0.194450537822452,-0.0951726933994392,-0.109240043324432
25902,-0.417654907911652,0.222339082933687,-0.253598140879667,-0.226722046652811,-0.0636510850786791,0.164343084920976,-0.150926776670398,-0.122146239075054
25933,-0.406351404737181,0.363497801168132,-0.252888782819184,-0.218348824920948,-0.0907470034906309,0.026966048691568,-0.111944741231709,0.031401725817642
25964,-0.405253005790801,0.37392919983324,-0.255173170602161,-0.207829292187785,-0.0772603445040657,0.022343022801359,-0.0946260231780802,0.0094774000238826
25992,-0.404331546472308,0.351938029805211,-0.255175829400011,-0.280134778974879,-0.189535096991482,0.0117130752077174,-0.216551018968748,0.0323861630319188
26023,-0.405933829428026,0.36853743966257,-0.242703787838799,-0.288488866227178,-0.208021370777608,-0.0469674947953321,-0.240507936486134,0.0319824718250038
26053,-0.38501180088314,0.356212077965682,-0.220569457751779,-0.289462172572229,-0.151173974115802,-0.133963600374756,-0.213261848391331,-0.0601667871638082
26084,-0.40681004509814,-0.200684387686405,-0.220013182713003,-0.31202266257449,-0.151583529708298,-0.225877094496797,-0.0896585723542574,-0.124447780370159
26114,-0.385151244594427,-0.332777945196351,-0.234865855300264,-0.279439008522964,-0.0732725335049823,-0.306678868233476,0.0321034961774649,-0.102308563277691
26145,-0.417519979948087,-0.376352052295385,-0.256689732087759,-0.191198041647197,-0.0686496270015991,-0.307603107712803,0.365626320206065,-0.0625147931684902
26176,-0.424362170931091,0.000485989351053367,-0.284024831915722,-0.175439881733466,-0.0675589611379609,-0.305644924972682,0.372010289404503,-0.0711355279783806
26206,-0.428338324281953,0.422732411729198,-0.286478387630109,-0.172973396505576,-0.074278381220507,-0.315862152106981,0.118569134995195,0.0241512872796501
26237,-0.418110326679468,0.452241216526592,-0.287140152548892,-0.07163410927478,-0.0785922164920451,-0.189646079897202,0.386007019295936,0.214559896355063
26267,-0.415323931178782,0.41194570359915,-0.286235337340341,-0.0115842787059283,-0.0898462359456379,-0.135336346937116,0.38285413677179,0.181088769098739
26298,-0.414470638249956,0.422856008999034,-0.286277175308975,0.36178632262542,-0.0733531041110128,0.00343672010008088,0.373659743888319,0.0750417353647147
26329,-0.41530433860389,0.4725230206753,-0.279588430837964,0.397700873044335,-0.0907070545507301,0.171496682674495,0.341662044507366,0.0518645590613305
26357,-0.412298094518696,0.469231442435277,-0.279374985352509,0.416299096255966,-0.0767752454050537,0.168768049748101,0.352610350388811,0.0757004818883946
26388,-0.412955262229246,0.463350242334131,-0.280133117219429,0.344886603552495,-0.107799559898398,0.0408715269665173,0.355853643619278,0.0352243154834808
26418,-0.419237909301553,0.487891033687771,-0.281162873664363,0.289307646884385,-0.11063950394597,0.0893564936522392,0.245055699798781,-0.0229179920881206
26449,-0.420128197805021,0.490578039044797,-0.280207615972178,0.287482379109048,-0.0314113928674436,0.079718705176837,0.216349311852295,-0.00690350740561463
26479,-0.417410260610326,0.505018545515575,-0.277075878871547,0.273200989432993,-0.0572812256284739,0.00463739278179224,0.21767439868407,-0.0433325688356135
26510,-0.384161967846653,0.434511933984416,-0.279153065588482,0.252791471274298,-0.0729457253500547,-0.0301220571904623,0.158301974258419,-0.0560256009327913
26541,0.01105380140598,0.315259036129688,-0.284397417554105,0.163837332231625,-0.0719790080955563,-0.0583420450125585,0.15374249246597,-0.0660894875801597
26571,0.00944851238012249,-0.371987498119313,-0.27977848356241,0.178098590518522,-0.05789556756521,-0.123687305668026,-0.11623918966897,-0.0835435271198574
26602,0.0818056422521899,-0.377023489124753,-0.281208900917019,0.233860900044298,-0.0619476033733924,-0.0605544136133541,-0.231173006845458,-0.0988758188414879
26632,0.0341777460288592,-0.382669169858183,-0.283008986436072,0.259420941514844,-0.109681014487255,0.0230288805153069,-0.259095522254869,-0.184099728902065
26663,0.095903754976983,-0.377366051046084,-0.281999527265693,0.303816342987798,-0.11081509452993,-0.0312538243167784,-0.265375219799644,-0.208270865246839
26694,0.0924095388796902,-0.375901701984308,-0.283272022608441,0.306001049018802,-0.118501865150466,0.0441375160769809,-0.343438021149072,-0.221841805719302
26722,0.0925386780989383,-0.375564778975628,-0.285240699550415,0.40947852828341,-0.109099495867895,-0.00136880267734462,-0.353101117925551,-0.228786689447459
26753,0.0818963663246141,-0.392465433612891,-0.286079248104882,0.408750273970064,-0.113165860596698,0.0345698958325356,-0.353101117925551,-0.203224226230621
26783,0.0579064063751101,-0.082507445886731,-0.289694717959392,0.412166232055969,-0.10676548375715,-0.0334860252440655,-0.348303229252942,-0.164956466103118
26814,0.093257533305185,-0.0808594688915209,-0.288776574841101,0.410833526284403,-0.0969574726740052,-0.00408581321869798,-0.275491427068341,-0.136292349966781
26844,0.0834673731138631,-0.0849836345868783,-0.288065601564647,0.390143684810168,-0.0722805815344998,-0.0148129718405144,-0.27508830470468,-0.148439905319806
26875,0.0319603169778799,-0.0815522534870134,-0.285399546055757,0.388201655597532,-0.162921551003948,0.0326647613335697,-0.249753683999401,-0.113911170295333
26906,0.0486023063254733,0.0220054422392342,-0.254162605704431,0.387981116303484,-0.212124394302409,0.0514841528870761,-0.232057691867853,-0.231203444684396
26936,0.133940099364294,0.346246042723712,-0.251534323610545,0.318692390409751,-0.181192250226445,0.017620636332094,-0.190810083401915,-0.218024828411095
26967,0.123336127687464,0.460318343867878,-0.245268429312458,0.387444571771684,-0.103514252292339,0.0326488597345407,-0.230515420102944,-0.242601146294955
26997,0.233297655613962,0.483148898158024,-0.246264439956996,-0.110195884365059,-0.112625175471842,0.0385321871656336,-0.293067911865442,-0.240407831165794
27028,0.0294669942997711,0.479277242601005,-0.234864524998739,-0.233881383734025,-0.122171059263744,-0.0367329841550676,-0.330338667415309,-0.23916908638757
27059,-0.0291256974118665,0.493200601242094,-0.229697408706114,-0.227764934004732,-0.123381276743877,0.0309415585267397,-0.0925035266983826,-0.230069713796603
27088,0.237131253492198,0.470064566224988,-0.229158016741891,-0.289324544242087,-0.123874129558486,0.341739319684379,0.107731620728439,-0.242264953171628
27119,0.501511769520837,0.471035990452162,-0.227182998114803,-0.29503429912361,-0.123043836665073,0.355453236768375,0.0854023644040499,-0.253259905030583
27149,0.49636203880737,0.380602403462433,-0.219049006344243,-0.279953821122635,-0.119299811891294,0.169147217945951,0.122926304504813,-0.321578019805008
27180,0.455741193010945,0.421076604395354,-0.217337488082664,-0.311877263820197,-0.128270663360935,0.18754262206952,0.116807791051849,-0.316086382342365
27210,0.451117511133968,0.400269641541712,-0.21711379022765,-0.297161806021464,-0.129474391368882,0.136080262268489,0.146104870176342,-0.318560091689268
27241,0.488370615583226,0.431704661036526,-0.219940949683594,-0.283552224749346,-0.135370255173616,0.164282293044658,0.0903344254118996,-0.27694010280807
27272,0.50609254073543,0.448464132350122,-0.226081315070042,-0.316205950799181,-0.136949875926698,0.145202336363591,0.106952273146418,-0.284066807652086
27302,0.50423674334654,0.435550757206891,-0.221192930983324,-0.314845773395521,-0.15707978296745,0.092745841400827,0.0970358829547088,-0.290143788279803
27333,0.507270058057232,0.435062264442747,-0.167623159777893,-0.290212136109122,-0.170632791198797,0.162793622940305,0.203612244194093,-0.296218705655241
27363,0.452200893187669,0.444466976506447,-0.102818754263283,-0.25725120931902,-0.206494953572947,0.051767996869905,0.260559874766169,-0.356244050317608
27394,0.453884278740632,0.431559741123679,-0.0905953739918508,-0.294748199727803,-0.174700320006431,-0.242969847321769,0.283860171287855,-0.233069981038086
27425,0.453884278740632,0.486863690997371,-0.0837031857163688,-0.312778978720975,-0.168076242883146,-0.228534171822577,0.287228830828288,-0.233138753171166
27453,0.446571596376883,0.497492529937733,-0.0921494109505426,-0.324556686639599,-0.166196845011808,-0.238793840808774,0.29223865404817,-0.233995051140446
27484,0.436038163060406,0.49804801141791,-0.115415844845956,-0.294981255487333,-0.16398878386651,-0.243597636451996,0.296131512160288,-0.233186497560205
27514,0.403660859180951,0.49764095991408,-0.196296416503264,-0.250559665111356,-0.157509637333962,-0.2370914957659,0.144405001152934,-0.236075914956394
27545,0.399945916617807,0.473068861152035,-0.139027014500932,-0.266895758323975,-0.131196355202493,-0.258327522447238,0.0668858492272891,-0.189911768716641
27575,0.447863611329728,0.451178764212896,-0.164956919836246,-0.270085154654648,-0.122969971012665,-0.243142171400196,-0.0556205463283168,-0.0318487947398711
27606,0.451681976890532,0.468158582998689,-0.175558674249182,-0.256428134638741,-0.0879609001487932,-0.265488784086917,-0.0149466528428013,-0.0212462983476666
27637,0.451674428965042,0.436385226443662,-0.250623070882798,-0.250849130446131,-0.0529691921281628,-0.272037334826547,0.0180000798712357,-0.0176381640308685
27667,-0.23130956632919,0.445947202236683,-0.251284685837439,-0.263058928297939,-0.0518931795493455,-0.183929278588719,-0.36328268957588,0.0178663810882666
27698,-0.316844189707669,0.451019507607384,-0.276950881742842,-0.26045993160896,0.0150466531314835,-0.0230080451170471,-0.344844159670469,0.0933002458638181
27728,-0.318103183977747,0.399783112917257,-0.280317391050536,-0.242694238922689,0.0920471397588384,0.0363747956277319,-0.346957599609133,0.0998651814423393
27759,-0.329896902133681,0.414262824061041,-0.280821845399975,-0.176964110704185,-0.0361219384528449,-0.0380539142732851,-0.360957927408253,0.0873679110855452
27790,-0.318070719947771,0.40713187689471,-0.278342067386089,-0.180675031385024,-0.0348806331949388,-0.0316542463785664,-0.361164839895178,0.0714840598630505
27818,-0.318032558358892,0.416618483657539,-0.283618214158115,-0.148862308733013,-0.0334034117360994,-0.0930450265583397,-0.402712442067142,0.0733071898987171
27849,-0.317787910370533,0.41883798285837,-0.278412749937331,-0.134344337827512,-0.0196536803966078,-0.253331420944966,-0.396782824787705,0.0824191854235323
27879,-0.410790156411367,0.432924784545503,-0.277696219185406,-0.24771438693666,-0.0180843114227905,-0.268466938717267,-0.323641091914714,0.0694593841151646
27910,-0.41562141365783,0.411873490080136,-0.272844496630598,-0.216429067658263,-0.0318937009402831,-0.297993301811364,-0.192677151854338,0.0620831694252917
27940,-0.415705999057454,0.4316102515807,-0.269398865068154,-0.1816933255247,-0.0303354035390009,-0.265991546233049,0.102575874945767,0.066274921960055
27971,-0.415747745881049,0.426980740252506,-0.279167527432052,-0.226773337181717,-0.024512339996862,-0.297610672208227,0.0949022669007368,0.0670450096141457
28002,-0.420219693885016,0.43987805678467,-0.292669737904694,-0.203176875823321,-0.0319544576778041,-0.311197190516453,0.0944260377939455,0.0483353255761204
28032,-0.419602599487277,0.438338464437559,-0.262515610074076,-0.0794530998011694,-0.0230262501102544,-0.282657501063084,0.122772899953623,0.0434072720437456
28063,-0.419703599493974,0.358732834734997,-0.24709381008825,0.132264350573988,-0.0355353109488228,-0.278861922529111,-0.262931719936454,0.222507363897958
28093,-0.406689090920324,0.184307110401772,-0.257236709392491,-0.0577118692919288,-0.0362411602516139,-0.273229901861176,-0.264035340592013,0.410408114600477
28124,-0.378645788885227,0.0229556936441723,-0.257536714121104,-0.0526300824594803,-0.0220908762509136,-0.272205415793088,-0.276399938498673,0.38812531317423
28155,-0.379185677921587,0.190049477376756,-0.260712141187238,-0.0457318085120887,-0.0251219026174165,-0.280080707092101,-0.266435221385474,0.408266722402478
28183,-0.379510798825359,0.192926386106416,-0.263827105345809,-0.0343950053500812,-0.0173578228079235,-0.246706376073434,-0.218172195551124,0.385257949587668
28214,-0.38283850656554,0.191748676435009,-0.249547828155891,-0.0173140165181408,-0.0141415474885101,0.101761268763871,-0.0365833045661913,0.345745760945707
28244,-0.406241832060177,0.17263995586334,-0.244009764592485,-0.0397954831716323,-0.0259826828853575,-0.0421266890425272,-0.169576238872437,0.293073661589878
28275,-0.402699140679053,-0.27810660321729,-0.244874447207337,-0.207535450939407,-0.0576778983410917,-0.221691357386871,-0.280826121184715,0.0153025689814995
28305,-0.369054404930407,-0.351296638836845,-0.245378091810957,-0.223356795281704,-0.0462617497035874,-0.251976763445568,-0.249728301290961,-0.0862650952603741
28336,-0.391858813184095,0.0744331654286146,-0.243426878361183,-0.186798689519816,-0.0488320267984224,-0.315433640341262,-0.260882806636576,-0.105167800727056
28367,-0.409336889355263,0.223759758784148,-0.275646120123079,-0.210406845079733,-0.0522096383337829,-0.245822745668191,-0.291410891448751,-0.13662296415416
28397,-0.414943932970927,-0.299928626475655,-0.275124795837957,-0.269742929375875,-0.0271792027695224,0.0914032283879088,-0.290108344789534,-0.205041185217456
28428,-0.416069382784086,-0.216088116220796,-0.274127287201696,-0.340641399507365,-0.0487784167136796,0.100897183814389,-0.299126442666547,-0.229747311262801
28458,-0.415826636590145,0.177183196742333,-0.274693202834334,-0.382818822133865,-0.0661294443764231,0.10658929234122,-0.299456151030836,-0.273875019788477
28489,-0.415587578905991,0.393537843505204,-0.273288011230967,-0.345073391299689,-0.0428651487324684,0.100730935292538,-0.295857190260568,-0.327517768570563
28520,-0.415013328431303,0.346119365855136,-0.273012959104961,-0.37213485573751,-0.0467252410021133,0.118731856962405,-0.297418099557717,-0.316756110727559
28549,-0.416193866260249,0.324860012791014,-0.274947522009876,-0.394243165290494,-0.0488826224789869,0.098144876021422,-0.296280071026082,-0.313752045713269
28580,-0.418601998213753,0.335538658213041,-0.276032884431978,-0.396356280708919,-0.154739388773989,0.109430301033906,-0.29762664134353,-0.332251130279208
28610,-0.420189686506722,0.408325820961948,-0.275346121548973,-0.396732370949389,-0.150571481699269,0.0961496544959812,-0.295873354920109,-0.329957221019531
28641,-0.42062716625976,0.464062857146621,-0.275343117686901,-0.39192836048753,-0.0363360857987493,0.133397132728025,-0.297671883136925,-0.252511538685897
28671,-0.416780796125409,0.467948359252983,-0.276191444533306,-0.389850580855938,-0.0279168659700334,0.111581630040443,-0.308104340033367,-0.26842225614984
28702,-0.415900790251,0.473166279121543,-0.268171243505875,-0.400788996044454,-0.0120491453523084,0.153831817015086,-0.347302647971353,-0.297656420689783
28733,-0.415704888364032,0.491252570292999,-0.275600754156006,-0.39853473375561,0.00691131158999589,0.0787887112889808,-0.308782238780362,-0.304104168539449
28763,-0.415795340648184,0.406098479317922,-0.269589025271243,-0.386315181065492,-0.0411382028609434,0.0688480116493116,-0.289966193201674,-0.317485462450723
28794,-0.415706081200433,0.431394325168335,-0.239289583313214,-0.36105864469583,-0.0644078895380564,0.064604547594532,-0.300418884767571,-0.321950661645253
28824,-0.415588830481844,0.313856694635575,-0.226689281732865,-0.307055483336306,-0.0673362036515004,0.0338737684488833,-0.291719323590165,-0.328722420301351
28855,-0.416202098721311,0.312933614119658,-0.22477237080947,-0.277169569966612,-0.0977023494696634,-0.00265447364715705,-0.283748964511252,-0.331029991779631
28886,-0.420758639072411,0.443596149309133,-0.224314885439582,-0.295832993936834,-0.0991222151622922,0.0417964019286017,-0.280873496518042,-0.324418151267469
28914,-0.42403472186478,0.432101540389568,-0.223947771747933,-0.302491502966064,-0.100160563270422,0.0638060416038999,-0.282472470554481,-0.324464763456178
28945,-0.423278114371269,0.434593504824437,-0.223947771747933,-0.275180999140244,-0.0656582519372138,0.050343843396954,-0.296481541293575,-0.324464763456178
28975,-0.422297611869541,0.401369361359958,-0.22213431317659,-0.272409538273248,-0.0512012543833348,0.113122612334885,-0.295914896505769,-0.324580236626932
29006,-0.421926016304308,0.404781855079229,-0.225193351994813,-0.289909208425041,-0.0664464414790598,0.109055118275714,-0.250903079127778,-0.325828342310084
29036,-0.422138166786085,0.380183306525053,-0.22698424658849,-0.288542944109583,-0.159104971194311,-0.243313299800024,-0.227726150508514,-0.30532470482662
29067,-0.421928942880327,0.398331487148614,-0.237385000183606,-0.262201894394453,-0.22238988076364,-0.0894163717247063,-0.198198932534196,-0.303475875197149
29098,-0.42279574892603,0.397887326987788,-0.241278861057337,-0.247960872325799,-0.224559983774368,-0.10534967665207,-0.133034465775542,-0.305687566962693
29128,-0.421543962583287,0.400493187138188,-0.235715560635961,-0.280421773288678,-0.256637217002012,0.0178532289339916,-0.29795258087003,-0.308555712994075
29159,-0.420330656889249,0.384737947922035,-0.239256929479788,-0.295681100587781,-0.274541520800599,-0.0525518839813151,-0.350921683936115,-0.308748828990236
29189,-0.41837796913591,0.387666027603625,-0.241859438199159,-0.337588123304056,-0.174774717902337,-0.124475953935013,-0.335837979248222,-0.382901239310558
29220,-0.419335261692173,0.388421755154686,-0.247350401482066,-0.36656206337287,-0.165575576502519,-0.0901364144968235,-0.283651059620214,-0.358320159461027
29251,-0.418414090172515,0.366961530315131,-0.255336059767559,-0.317132562667207,-0.165454448574893,-0.0233906651586309,-0.296437977469575,-0.281373103749735
29279,-0.416827531749622,0.374917190174304,-0.242228957160379,-0.276365513262496,-0.121767071076593,0.0158205986992888,-0.285773601444898,-0.290373270814286
29310,-0.418143342389182,0.379473904166574,-0.24316610328066,-0.276325026305195,-0.128600781267222,0.283168181011768,0.133647522908624,-0.358302093235644
29340,-0.413446443618362,0.410771669204006,-0.247263963855809,-0.239671648856488,-0.161348790890878,0.311880523218839,0.160946763717205,-0.366953028612323
29371,-0.408767077733962,0.395022376078376,-0.246661093169965,-0.228819500586227,-0.205819237132291,0.357044845162599,-0.0431005954652523,-0.306917147303131
